DROP DATABASE IF EXISTS dbpokemon;
CREATE DATABASE dbpokemon CHARSET utf8mb4;
USE dbpokemon;

CREATE TABLE pokemon(
	NumeroPokedex INT UNSIGNED,
    Nombre VARCHAR(15),
    Peso FLOAT (6.3),
    Altura FLOAT (6.3),
    PRIMARY KEY(NumeroPokedex)
);

CREATE TABLE tipo_ataque(
	IdTipoAtaque INT UNSIGNED,
    Tipo VARCHAR(8),
    PRIMARY KEY(IdTipoAtaque)
);

CREATE TABLE tipo(
	IdTipo INT UNSIGNED,
    Nombre VARCHAR(10),
    IdTipoAtaque INT UNSIGNED,
    PRIMARY KEY(IdTipo),
    CONSTRAINT IdTipoAtaque_pok_tipo_fk FOREIGN KEY (IdTipoAtaque) REFERENCES pok_tipo_ataque(IdTipoAtaque)
);

CREATE TABLE movimiento(
	IdMovimiento INT UNSIGNED,
    Nombre VARCHAR(20),
    Potencia INT,
    PrecisionMov INT,
    Descripcion VARCHAR(500),
    PP INT,
    IdTipo INT UNSIGNED,
    Prioridad INT,
    PRIMARY KEY(IdMovimiento),
    CONSTRAINT IdTipo_pok_movimiento_fk FOREIGN KEY (IdTipo) REFERENCES pok_tipo(IdTipo)
);

CREATE TABLE pokemon_tipo(
	NumeroPokedex INT UNSIGNED AUTO_INCREMENT,
    IdTipo INT UNSIGNED,
    PRIMARY KEY(NumeroPokedex,IdTipo),
    CONSTRAINT NumeroPokedex_pok_pokemon_tipo_fk FOREIGN KEY (NumeroPokedex) REFERENCES pok_pokemon(NumeroPokedex),
    CONSTRAINT IdTipo_fk_pok_pokemon_tipo FOREIGN KEY (IdTipo) REFERENCES pok_tipo(IdTIpo)
);


/* INSERTS*\

/*Tipos de ataques*/
insert into tipo_ataque values(1, 'Físico');
insert into tipo_ataque values(2, 'Especial');

/*Tipos*/
insert into tipo values (1, 'Agua', 2);
insert into tipo values (2, 'Bicho', 1);
insert into tipo values (3, 'Dragón', 2);
insert into tipo values (4, 'Eléctrico', 2);
insert into tipo values (5, 'Fantasma', 1);
insert into tipo values (6, 'Fuego', 2);
insert into tipo values (7, 'Hielo', 2);
insert into tipo values (8, 'Lucha', 1);
insert into tipo values (9, 'Normal', 1);
insert into tipo values (10, 'Planta', 2);
insert into tipo values (11, 'Psíquico', 2);
insert into tipo values (12, 'Roca', 1);
insert into tipo values (13, 'Tierra', 1);
insert into tipo values (14, 'Veneno', 1);
insert into tipo values (15, 'Volador', 1);

/*Pokemon*/
insert into pokemon values (1, 'Bulbasaur', 6.9, 0.7);
insert into pokemon values (2, 'Ivysaur', 13,1);
insert into pokemon values (3, 'Venasaur', 100, 2);
insert into pokemon values (4, 'Charmander', 8.5, 0.6);
insert into pokemon values (5, 'Charmeleon', 19, 1.1);
insert into pokemon values (6, 'Charizard', 90.5, 1.7);
insert into pokemon values (7, 'Squirtle', 9, 0.5);
insert into pokemon values (8, 'Wartortle', 22.5, 1);
insert into pokemon values (9, 'Blastoise', 85.5, 1.6);
insert into pokemon values (10, 'Caperpie', 2.9, 0.3);
insert into pokemon values (11, 'Metapod', 9.9, 0.7);
insert into pokemon values (12, 'Butterfree', 32,1.1);
insert into pokemon values (13, 'Weedle', 3.2,0.3);
insert into pokemon values (14, 'Kakuna', 10,0.6);
insert into pokemon values (15, 'Beedrill', 29.5,1.0);
insert into pokemon values (16, 'Pidgey', 1.8,0.3);
insert into pokemon values (17, 'Pidgeotto', 30,1.1);
insert into pokemon values (18, 'Pidgeot', 39.5,1.5);
insert into pokemon values (19, 'Rattata', 3.5,0.3);
insert into pokemon values (20, 'Raticate', 18.5,0.7);
insert into pokemon values (21, 'Spearow', 2,0.3);
insert into pokemon values (22, 'Fearow', 38,1.2);
insert into pokemon values (23, 'Ekans', 6.9,2);
insert into pokemon values (24, 'Arbok', 65,3.5);
insert into pokemon values (25, 'Pikachu', 6,0.4);
insert into pokemon values (26, 'Raichu', 30,0.8);
insert into pokemon values (27, 'Sandshrew', 12,0.6);
insert into pokemon values (28, 'Sandslash', 29.5,1);
insert into pokemon values (29, 'Nidoran♀', 7,0.4);
insert into pokemon values (30, 'Nidorina', 20,0.8);
insert into pokemon values (31, 'Nidoqueen', 60,1.3);
insert into pokemon values (32, 'Nidoran♂', 9,0.5);
insert into pokemon values (33, 'Nidorino', 19.5,0.9);
insert into pokemon values (34, 'Nidoking', 62,1.4);
insert into pokemon values (35, 'Clefairy', 7.5,0.6);
insert into pokemon values (36, 'Clefable', 40,1.3);
insert into pokemon values (37, 'Vulpix', 9.9,0.6);
insert into pokemon values (38, 'Ninetales', 19.9,1.1);
insert into pokemon values (39, 'Jigglypuff', 5.5,0.5);
insert into pokemon values (40, 'Wigglytuff', 12,1);
insert into pokemon values (41, 'Zubat', 7.5,0.8);
insert into pokemon values (42, 'Golbat', 55,1.6);
insert into pokemon values (43, 'Oddish', 5.4,0.5);
insert into pokemon values (44, 'Gloom', 8.6,0.8);
insert into pokemon values (45, 'Vileplume', 18.6,1.2);
insert into pokemon values (46, 'Paras', 5.4,0.3);
insert into pokemon values (47, 'Parasect', 29.5,1);
insert into pokemon values (48, 'Venonat', 30,1);
insert into pokemon values (49, 'Venomoth', 12.5,1.5);
insert into pokemon values (50, 'Digglet', 0.8,0.2);
insert into pokemon values (51, 'Dugtrio', 33.3,0.7);
insert into pokemon values (52, 'Meowth', 4.2,0.4);
insert into pokemon values (53, 'Persian', 32,1);
insert into pokemon values (54, 'Psyduck', 19.6,0.8);
insert into pokemon values (55, 'Golduck',  76.6,1.7);
insert into pokemon values (56, 'Mankey', 28, 0.5);
insert into pokemon values (57, 'Primeape', 32,1);
insert into pokemon values (58, 'Growlithe', 19,0.7);
insert into pokemon values (59, 'Arcanine', 155,1.9);
insert into pokemon values (60, 'Poliwag', 12.4,0.6);
insert into pokemon values (61, 'Poliwhirl', 20,1);
insert into pokemon values (62, 'Poliwrath', 54,1.3);
insert into pokemon values (63, 'Abra', 19.5,0.9);
insert into pokemon values (64, 'Kadabra', 56.5,1.3);
insert into pokemon values (65, 'Alakazam', 48,1.5);
insert into pokemon values (66, 'Machop', 19.5, 0.8);
insert into pokemon values (67, 'Mackoke', 70.5, 1.5);
insert into pokemon values (68, 'Machamp', 130,1.6);
insert into pokemon values (69, 'Bellsprout', 4.0,0.7);
insert into pokemon values (70, 'Weepinbell', 6.4,1);
insert into pokemon values (71, 'Victreebel', 15.5,1.7);
insert into pokemon values (72, 'Tentacool', 45.5,0.9);
insert into pokemon values (73, 'Tentacruel', 55,1.6);
insert into pokemon values (74, 'Geodude', 20,0.4);
insert into pokemon values (75, 'Graveler', 105,1);
insert into pokemon values (76, 'Golem', 300,1.4);
insert into pokemon values (77, 'Ponyta', 30,1);
insert into pokemon values (78, 'Rapidash', 95,1.7);
insert into pokemon values (79, 'Slowpoke', 36,1.2);
insert into pokemon values (80, 'Slowbro', 78.5,1.6);
insert into pokemon values (81, 'Magnemite', 6.0,0.3);
insert into pokemon values (82, 'Magneton', 60,1);
insert into pokemon values (83, 'Farfetch\'d', 15,0.8);
insert into pokemon values (84, 'Doduo', 39.2,1.4);
insert into pokemon values (85, 'Dodrio', 85.2,1.8);
insert into pokemon values (86, 'Seel', 90,1.1);
insert into pokemon values (87, 'Dewgong', 120,1.7);
insert into pokemon values (88, 'Grimer', 30,0.9);
insert into pokemon values (89, 'Muk', 30,1.2);
insert into pokemon values (90, 'Shellder', 4,0.3);
insert into pokemon values (91, 'Cloyster', 132.5,1.5);
insert into pokemon values (92, 'Gastly', 0.1,1.3);
insert into pokemon values (93, 'Haunter', 0.1,1.6);
insert into pokemon values (94, 'Gengar', 40.5,1.5);
insert into pokemon values (95, 'Onix', 210,8.8);
insert into pokemon values (96, 'Drowzee', 32.4,1);
insert into pokemon values (97, 'Hypno', 75.6,1.6);
insert into pokemon values (98, 'Krabby', 6.5,0.4);
insert into pokemon values (99, 'Kingler', 60,1.3);
insert into pokemon values (100, 'Voltorb', 10.4,0.5);
insert into pokemon values (101, 'Electrode', 66.6,1.2);
insert into pokemon values (102, 'Exeggcute', 2.5,0.4);
insert into pokemon values (103, 'Exeggutor', 120,2);
insert into pokemon values (104, 'Cubone', 6.5,0.4);
insert into pokemon values (105, 'Marowak', 45,1);
insert into pokemon values (106, 'Hitmonlee', 49.8,1.5);
insert into pokemon values (107, 'Hitmonchan', 50.2,1.4);
insert into pokemon values (108, 'Lickitung', 65,1.2);
insert into pokemon values (109, 'Koffing', 1,0.6);
insert into pokemon values (110, 'Weezing', 9.5,1.2);
insert into pokemon values (111, 'Rhyhorn', 115,1);
insert into pokemon values (112, 'Rhydon', 120,1.9);
insert into pokemon values (113, 'Chansey', 34.6,1.1);
insert into pokemon values (114, 'Tangela', 35,1);
insert into pokemon values (115, 'Kangaskhan', 80,2.2);
insert into pokemon values (116, 'Horsea', 8,0.4);
insert into pokemon values (117, 'Seadra', 25,1.2);
insert into pokemon values (118, 'Goldeen', 15,0.6);
insert into pokemon values (119, 'Seaking', 39,1.3);
insert into pokemon values (120, 'Staryu', 34.5,0.8);
insert into pokemon values (121, 'Starmie', 80,1.1);
insert into pokemon values (122, 'Mr. Mime', 54.5,1.3);
insert into pokemon values (123, 'Scyther', 56,1.5);
insert into pokemon values (124, 'Jynx', 40.6,1.4);
insert into pokemon values (125, 'Electabuzz', 30,1.1);
insert into pokemon values (126, 'Magmar', 44.5,1.3);
insert into pokemon values (127, 'Pinsir', 55,1.5);
insert into pokemon values (128, 'Tauros', 88.4,1.4);
insert into pokemon values (129, 'Magikarp', 10,0.9);
insert into pokemon values (130, 'Gyarados', 235,6.5);
insert into pokemon values (131, 'Lapras', 220,2.5);
insert into pokemon values (132, 'Ditto', 4,0.3);
insert into pokemon values (133, 'Eevee', 6.5,0.3);
insert into pokemon values (134, 'Vaporeon', 29,1);
insert into pokemon values (135, 'Jolteon', 24.5,0.8);
insert into pokemon values (136, 'Flareon', 25,0.9);
insert into pokemon values (137, 'Porygon', 36.5,0.8);
insert into pokemon values (138, 'Omanyte', 7.5,04);
insert into pokemon values (139, 'Omastar', 35,1);
insert into pokemon values (140, 'Kabuto', 11.5,0.5);
insert into pokemon values (141, 'Kabutops', 40.5,1.3);
insert into pokemon values (142, 'Aerodactyl', 59,1.8);
insert into pokemon values (143, 'Snorlax', 460,2.1);
insert into pokemon values (144, 'Articuno', 55.4,1.7);
insert into pokemon values (145, 'Zapdos', 52.6,1.6);
insert into pokemon values (146, 'Moltres', 60,2);
insert into pokemon values (147, 'Dratini', 3.3,1.8);
insert into pokemon values (148, 'Dragonair', 16.5,4);
insert into pokemon values (149, 'Dragonite', 210,2.2);
insert into pokemon values (150, 'Mewtwo', 122,2);
insert into pokemon values (151, 'Mew', 4,0.4);

/*Tipos Pokemon*/

insert into pokemon_tipo values (1,10);
insert into pokemon_tipo values (1,14);
insert into pokemon_tipo values (2,10);
insert into pokemon_tipo values (2,14);
insert into pokemon_tipo values (3,10);
insert into pokemon_tipo values (3,14);
insert into pokemon_tipo values (4,6);
insert into pokemon_tipo values (5,6);
insert into pokemon_tipo values (6,6);
insert into pokemon_tipo values (6,15);
insert into pokemon_tipo values (7,1);
insert into pokemon_tipo values (8,1);
insert into pokemon_tipo values (9,1);
insert into pokemon_tipo values (10,2);
insert into pokemon_tipo values (11,2);
insert into pokemon_tipo values (12,2);
insert into pokemon_tipo values (12,15);
insert into pokemon_tipo values (13,2);
insert into pokemon_tipo values (13,14);
insert into pokemon_tipo values (14,2);
insert into pokemon_tipo values (14,14);
insert into pokemon_tipo values (15,2);
insert into pokemon_tipo values (15,14);
insert into pokemon_tipo values (16,9);
insert into pokemon_tipo values (16,15);
insert into pokemon_tipo values (17,9);
insert into pokemon_tipo values (17,15);
insert into pokemon_tipo values (18,9);
insert into pokemon_tipo values (18,15);
insert into pokemon_tipo values (19,9);
insert into pokemon_tipo values (20,9);
insert into pokemon_tipo values (21,9);
insert into pokemon_tipo values (21,15);
insert into pokemon_tipo values (22,9);
insert into pokemon_tipo values (22,15);
insert into pokemon_tipo values (23,14);
insert into pokemon_tipo values (24,14);
insert into pokemon_tipo values (25,4);
insert into pokemon_tipo values (26,4);
insert into pokemon_tipo values (27,13);
insert into pokemon_tipo values (28,13);
insert into pokemon_tipo values (29,14);
insert into pokemon_tipo values (30,14);
insert into pokemon_tipo values (31,14);
insert into pokemon_tipo values (31,13);
insert into pokemon_tipo values (32,14);
insert into pokemon_tipo values (33,14);
insert into pokemon_tipo values (34,14);
insert into pokemon_tipo values (34,13);
insert into pokemon_tipo values (35,9);
insert into pokemon_tipo values (36,9);
insert into pokemon_tipo values (37,6);
insert into pokemon_tipo values (38,6);
insert into pokemon_tipo values (39,9);
insert into pokemon_tipo values (40,9);
insert into pokemon_tipo values (41,14);
insert into pokemon_tipo values (41,15);
insert into pokemon_tipo values (42,14);
insert into pokemon_tipo values (42,15);
insert into pokemon_tipo values (43,10);
insert into pokemon_tipo values (43,14);
insert into pokemon_tipo values (44,10);
insert into pokemon_tipo values (44,14);
insert into pokemon_tipo values (45,10);
insert into pokemon_tipo values (45,14);
insert into pokemon_tipo values (46,2);
insert into pokemon_tipo values (46,10);
insert into pokemon_tipo values (47,2);
insert into pokemon_tipo values (47,10);
insert into pokemon_tipo values (48,2);
insert into pokemon_tipo values (48,14);
insert into pokemon_tipo values (49,2);
insert into pokemon_tipo values (49,14);
insert into pokemon_tipo values (50,13);
insert into pokemon_tipo values (51,13);
insert into pokemon_tipo values (52,9);
insert into pokemon_tipo values (53,9);
insert into pokemon_tipo values (54,1);
insert into pokemon_tipo values (55,1);
insert into pokemon_tipo values (56,8);
insert into pokemon_tipo values (57,8);
insert into pokemon_tipo values (58,6);
insert into pokemon_tipo values (59,6);
insert into pokemon_tipo values (60,1);
insert into pokemon_tipo values (61,1);
insert into pokemon_tipo values (62,1);
insert into pokemon_tipo values (62,8);
insert into pokemon_tipo values (63,11);
insert into pokemon_tipo values (64,12);
insert into pokemon_tipo values (65,13);
insert into pokemon_tipo values (66,8);
insert into pokemon_tipo values (67,8);
insert into pokemon_tipo values (68,8);
insert into pokemon_tipo values (69,10);
insert into pokemon_tipo values (69,14);
insert into pokemon_tipo values (70,10);
insert into pokemon_tipo values (70,14);
insert into pokemon_tipo values (71,10);
insert into pokemon_tipo values (71,14);
insert into pokemon_tipo values (72,1);
insert into pokemon_tipo values (72,14);
insert into pokemon_tipo values (73,1);
insert into pokemon_tipo values (73,14);
insert into pokemon_tipo values (74,12);
insert into pokemon_tipo values (74,13);
insert into pokemon_tipo values (75,12);
insert into pokemon_tipo values (75,13);
insert into pokemon_tipo values (76,12);
insert into pokemon_tipo values (76,13);
insert into pokemon_tipo values (77,6);
insert into pokemon_tipo values (78,6);
insert into pokemon_tipo values (79,1);
insert into pokemon_tipo values (79,11);
insert into pokemon_tipo values (80,1);
insert into pokemon_tipo values (80,11);
insert into pokemon_tipo values (81,4);
insert into pokemon_tipo values (82,4);
insert into pokemon_tipo values (83,9);
insert into pokemon_tipo values (83,15);
insert into pokemon_tipo values (84,9);
insert into pokemon_tipo values (84,15);
insert into pokemon_tipo values (85,9);
insert into pokemon_tipo values (85,15);
insert into pokemon_tipo values (86,1);
insert into pokemon_tipo values (86,7);
insert into pokemon_tipo values (87,1);
insert into pokemon_tipo values (87,7);
insert into pokemon_tipo values (88,14);
insert into pokemon_tipo values (89,14);
insert into pokemon_tipo values (90,1);
insert into pokemon_tipo values (91,1);
insert into pokemon_tipo values (91,7);
insert into pokemon_tipo values (92,5);
insert into pokemon_tipo values (92,14);
insert into pokemon_tipo values (93,5);
insert into pokemon_tipo values (93,14);
insert into pokemon_tipo values (94,5);
insert into pokemon_tipo values (94,14);
insert into pokemon_tipo values (95,12);
insert into pokemon_tipo values (95,13);
insert into pokemon_tipo values (96,11);
insert into pokemon_tipo values (97,11);
insert into pokemon_tipo values (98,1);
insert into pokemon_tipo values (99,1);
insert into pokemon_tipo values (100,4);
insert into pokemon_tipo values (101,4);
insert into pokemon_tipo values (102,10);
insert into pokemon_tipo values (102,11);
insert into pokemon_tipo values (103,10);
insert into pokemon_tipo values (103,11);
insert into pokemon_tipo values (104,13);
insert into pokemon_tipo values (105,13);
insert into pokemon_tipo values (106,8);
insert into pokemon_tipo values (107,8);
insert into pokemon_tipo values (108,9);
insert into pokemon_tipo values (109,14);
insert into pokemon_tipo values (110,14);
insert into pokemon_tipo values (111,12);
insert into pokemon_tipo values (111,13);
insert into pokemon_tipo values (112,12);
insert into pokemon_tipo values (112,13);
insert into pokemon_tipo values (113,9);
insert into pokemon_tipo values (114,10);
insert into pokemon_tipo values (115,9);
insert into pokemon_tipo values (116,1);
insert into pokemon_tipo values (117,1);
insert into pokemon_tipo values (118,1);
insert into pokemon_tipo values (119,1);
insert into pokemon_tipo values (120,1);
insert into pokemon_tipo values (121,1);
insert into pokemon_tipo values (121,11);
insert into pokemon_tipo values (122,11);
insert into pokemon_tipo values (123,2);
insert into pokemon_tipo values (123,15);
insert into pokemon_tipo values (124,7);
insert into pokemon_tipo values (124,11);
insert into pokemon_tipo values (125,4);
insert into pokemon_tipo values (126,6);
insert into pokemon_tipo values (127,2);
insert into pokemon_tipo values (128,9);
insert into pokemon_tipo values (129,1);
insert into pokemon_tipo values (130,1);
insert into pokemon_tipo values (130,15);
insert into pokemon_tipo values (131,1);
insert into pokemon_tipo values (131,7);
insert into pokemon_tipo values (132,9);
insert into pokemon_tipo values (133,9);
insert into pokemon_tipo values (134,1);
insert into pokemon_tipo values (135,4);
insert into pokemon_tipo values (136,6);
insert into pokemon_tipo values (137,9);
insert into pokemon_tipo values (138,12);
insert into pokemon_tipo values (138,1);
insert into pokemon_tipo values (139,1);
insert into pokemon_tipo values (139,12);
insert into pokemon_tipo values (140,1);
insert into pokemon_tipo values (140,12);
insert into pokemon_tipo values (141,1);
insert into pokemon_tipo values (141,12);
insert into pokemon_tipo values (142,12);
insert into pokemon_tipo values (142,15);
insert into pokemon_tipo values (143,9);
insert into pokemon_tipo values (144,7);
insert into pokemon_tipo values (144,15);
insert into pokemon_tipo values (145,4);
insert into pokemon_tipo values (145,15);
insert into pokemon_tipo values (146,6);
insert into pokemon_tipo values (146,15);
insert into pokemon_tipo values (147,3);
insert into pokemon_tipo values (148,3);
insert into pokemon_tipo values (149,3);
insert into pokemon_tipo values (149,15);
insert into pokemon_tipo values (150,11);
insert into pokemon_tipo values (151,11);

-- Movimientos

insert into movimiento values(1, 'Placaje', 40, 100, 'Causa daño', 35, 9, 0);
insert into movimiento values(2, 'Danza espada', 0, 100, 'Aumenta en dos niveles el ataque del usuario', 30, 9, 0);
insert into movimiento values(3, 'Burbuja', 20, 100, 'Causa daño y tiene una probabilidad del 10% de bajar la velocidad', 30, 1, 0);
insert into movimiento values(4, 'Cascada', 80, 100, 'Causa daño', 15, 1, 0);
insert into movimiento values(5, 'Hidrobomba', 120, 80, 'Causa daño', 5, 1, 0);
insert into movimiento values(6, 'Martillazo', 90, 85, 'Causa daño con probabilidad de dar golpe critico(12,5%)', 10, 1, 0);
insert into movimiento values(7, 'Pistola de agua', 40, 100, 'Causa daño', 25,1, 0);
insert into movimiento values(8, 'Rayo burbuja', 65, 100, 'Causa daño y tiene una probabilidad del 10% de bajar la velocidad', 20,1, 0);
insert into movimiento values(9, 'Refugio', 0, 100, 'Aumenta la defensa en un nivel', 40, 1, 0);
insert into movimiento values(10, 'Surf', 95, 100, 'Causa daño', 15,1, 0);
insert into movimiento values(11, 'Tenaza', 35, 75, 'Causa daño durante 2-5 turnos. Imposibilidad de atacar al objetivo', 15, 1, 0);
insert into movimiento values(12, 'Chupa vidas', 20, 100, 'Causa daño y recupera el 50% PS quitados', 15, 2, 0);
insert into movimiento values(13, 'Disparo demora', 0, 95, 'Baja la velocidad del objetivo', 40,2, 0);
insert into movimiento values(14, 'Doble ataque', 25, 100, 'Causa daño golpeando dos veces. Cada golpe tiene un 20% de probabilidad de envenenar.', 20,2, 0);
insert into movimiento values(15, 'Pin misil', 14, 85, 'Causa daño al objetivo de 2 a 5 veces', 20, 2, 0);
insert into movimiento values(16, 'Furia dragón', 0, 100, 'Quita siempre 40 PS al obejtivo', 10, 3, 0);
insert into movimiento values(17, 'Impactrueno', 40, 100, 'Causa daño y tiene una probabilidad del 10% de paralizar el objetivo.', 30, 4, 0);
insert into movimiento values(18, 'Onda trueno', 0, 100, 'Paraliza el objetivo', 20,4, 0);
insert into movimiento values(19, 'Puño trueno', 75, 100, 'Causa daño y tiene un 10% de paralizar el objetivo', 35, 4, 0);
insert into movimiento values(20, 'Rayo', 95, 100, 'Causa daño y tiene un 10% de paralizar el objetivo', 15, 4, 0);
insert into movimiento values(21, 'Trueno', 120, 70, 'Causa daño y tiene un 10% de paralizar el objetivo', 10,  4, 0);
insert into movimiento values(23, 'Lenguetazo', 20, 100, 'Causa daño y tiene un 30% de paralizar el objetivo', 30,  5, 0);
insert into movimiento values(24, 'Rayo confuso', 0, 100, 'Confunde al objetivo', 10, 5, 0);
insert into movimiento values(25, 'Tinieblas', 0, 100, 'Resta la cantidad de PS equivalentes al nivel de usuario', 15, 5, 0);
insert into movimiento values(26, 'Ascuas', 40, 100, 'Causa daño y tiene una probabilidad del 10% de quemar al objetivo', 25, 6, 0);
insert into movimiento values(27, 'Giro fuego', 15, 100, 'Causa dañó de 2 a 5 turnos. Imposibilidad de atacar al objetivo', 15, 6, 0);
insert into movimiento values(28, 'Lanzallamas', 95, 100, 'Causa daño y tiene una probabilidad del 10% de quemar al objetivo', 15, 6, 0);
insert into movimiento values(29, 'Llamarada', 120, 85, 'Causa daño y tiene una probabilidad del 30% de quemar al objetivo', 5, 6, 0);
insert into movimiento values(30, 'Puño fuego', 75, 100, 'Causa daño y tiene una probabilidad del 10% de quemar al objetivo', 15, 4, 0);
insert into movimiento values(31, 'Neblina', 0, 0, 'Neblina evita durante 5 turnos otros pokemon puedan reducir las estadisiticas del equipo aliado', 30, 7, 0);
insert into movimiento values(32, 'Niebla', 0, 0, 'Restaura todos los cambios, tantos positivos como negativos, en las estadisitcas de todos los pokemon.', 30, 7, 0);
insert into movimiento values(33, 'Puño hielo', 75, 100, 'Causa daño y tiene una probabilidad del 10% de congelar al objetivo', 15, 7, 0);
insert into movimiento values(34, 'Rayo aurora', 65, 100, 'Causa daño y tiene una probabilidad del 10% de bajar un nivel el ataque del objetivo', 20, 7, 0);
insert into movimiento values(35, 'Rayo hielo', 95, 100, 'Causa daño y tiene una probabilidad del 10% de congelar al objetivo', 10, 7, 0);
insert into movimiento values(36, 'Ventisca', 120, 90, 'Causa daño y tiene una probabilidad del 10% de congelar al objetivo', 5, 7, 0);
insert into movimiento values(37, 'Contraataque', 0, 100, 'Devuelve el doble daño recibido si es un físico', 20, 8, -5);
insert into movimiento values(38, 'Doble patada', 30, 100, 'Causa daño, golpeando 2 veces en un mismo turno', 30, 8, 0);
insert into movimiento values(39, 'Movimiento sísmico', 0, 100, 'Resta la cantidad de PS equivalentes al nivel de usuario', 20, 8, 0);
insert into movimiento values(40, 'Patada baja', 50, 90, 'Causa daño y tiene del 30% de retroceder al objetivo', 20, 8, 0);
insert into movimiento values(41, 'Patada giro', 60, 85, 'Causa daño y tiene del 30% de retroceder al objetivo', 15, 8, 0);
insert into movimiento values(42, 'Patada salto', 70, 100, 'Causa daño. Si falla, el usuario se golpea a si mismo restandole 1 PS.', 25, 8, 0);
insert into movimiento values(43, 'Patada salto alta', 85, 90, 'Causa daño. Si falla, el usuario se golpea a si mismo restandole 1 PS.', 20, 8, 0);
insert into movimiento values(44, 'Sumisión', 80, 80, 'Causa daño. Causa daño de retroceso al usuario de 1/4 del daño causado.', 20, 8, 0);
insert into movimiento values(45, 'Afilar', 0, 100, 'sube el ataque del usuario en un nivel', 30, 9, 0);
insert into movimiento values(46, 'Agarre', 55, 100, 'Causa daño.', 30, 9, 0);
insert into movimiento values(47, 'Amortiguador', 0, 0, 'Restaura la mitad de los PS máximos del usuario', 10, 9, 0);
insert into movimiento values(48, 'Anulación', 0, 55, 'Anula un movimiento del objetivo', 20, 9, 0);
insert into movimiento values(49, 'Arañazo', 40, 100, 'Causa daño.', 35, 9, 0);
insert into movimiento values(50, 'Atadura', 15, 75, 'Causa daño de 2 a 5 turnos. Imposibilidad de atacar al objetivo', 20, 9, 0);
insert into movimiento values(51, 'Ataque arena', 0, 100, 'Baja la precisión en un nivel.', 15, 9, 0);
insert into movimiento values(52, 'Ataque furia', 15, 85, 'Causa daño de 2 a 5 turnos.', 20, 9, 0);
insert into movimiento values(53, 'Ataque rápido', 40, 100, 'Causa daño.', 30, 9, 1);
insert into movimiento values(54, 'Autodestrucción', 130, 100, 'Causa daño y debilita al usuario.', 5, 9, 0);
insert into movimiento values(55, 'Beso amoroso', 0, 75, 'Duerme al obejtivo', 10, 9, 0);
insert into movimiento values(56, 'Bomba huevo', 100, 75, 'Causa daño', 10, 9, 0);
insert into movimiento values(57, 'Bomba sónica', 0, 90, 'siempre quita 20 PS', 20, 9, 0);
insert into movimiento values(58, 'Cabezazo', 100, 100, 'Se prepara durante el primer turno y ataca en el segundo', 15, 9, 0);
insert into movimiento values(59, 'Canto', 0, 55, 'Duerme al objetivo.', 15, 9, 0);
insert into movimiento values(60, 'Chirrido', 0, 85, 'Baja en dos niveles la defensa del objetivo.', 40, 9, 0);
insert into movimiento values(61, 'Clavo cañón', 20, 100, 'Causa daño de 2 a 5 turnos.', 15, 9, 0);
insert into movimiento values(62, 'Conversión', 0, 0, 'Cambia el tipo del usuario del oponente', 30, 9, 0);
insert into movimiento values(63, 'Cornada', 65, 100, 'Causa daño.', 25, 9, 0);
insert into movimiento values(64, 'Corte', 50, 100, 'Causa daño.', 30, 9, 0);
insert into movimiento values(65, 'Cuchillada', 70, 100, 'Causa daño y tiene una alta probabilidad de causar un golpe crítico (12,5%).', 20, 9, 0);
insert into movimiento values(66, 'Derribo', 90, 85, 'Causa daño. Causa daño de retroceso al usuario de 1/4 del daño causado ', 20, 9, 0);
insert into movimiento values(67, 'Desarrollo', 0, 0, 'Aumenta en un nivel el especial del usuario.', 40, 9, 0);
insert into movimiento values(68, 'Deslumbrar', 0, 100, 'Provoca paralisis al objetivo.', 30, 9, 0);
insert into movimiento values(69, 'Destello', 0, 100, 'Baja un nivel la precisición del oponente.', 20, 9, 0);
insert into movimiento values(70, 'Destructor', 40, 100, 'Causa daño.', 35, 9, 0);
insert into movimiento values(71, 'Día de pago', 40, 100, 'Causa daño. Se esparcen monedas que se recogen al final del combate', 20, 9, 0);
insert into movimiento values(72, 'Doble equipo', 0, 0, 'Aumenta en un nivel la evasión del usuario.', 15, 9, 0);
insert into movimiento values(73, 'Doble filo', 100, 100, 'Causa daño. Causa daño de retroceso al usuario de 1/4 del daño causado.', 15, 9, 0);
insert into movimiento values(74, 'Doblebofetón', 15, 85, 'Causa daño de 2 a 5 turnos.', 10, 9, 0);
insert into movimiento values(75, 'Explosión', 170, 100, 'Causa daño y debilita al usuario.', 5, 9, 0);
insert into movimiento values(76, 'Foco energía', 0, 0, 'Aumenta la probabilidad asestar golpes criticos.', 40, 9, 0);
insert into movimiento values(77, 'Fortaleza', 0, 0, 'Aumenta en un nivel la defensa del usuario.', 30, 9, 0);
insert into movimiento values(78, 'Fuerza', 80, 100, 'Causa daño.', 15, 9, 0);
insert into movimiento values(79, 'Furia', 20, 100, 'Causa daño. No puede cambiar de movimiento.', 20, 9, 0);
insert into movimiento values(80, 'Golpe', 90, 100, 'Causa daño entre 3 o 4 turnos seguidos. El usuario termina confundido.', 20, 9, 0);
insert into movimiento values(81, 'Golpe cabeza', 70, 100, 'Causa daño y tiene una probabilidad del 30% de hacer retroceder.', 15, 9, 0);
insert into movimiento values(82, 'Golpe cuerpo', 85, 100, 'Causa daño y tiene una probabilidad del 30% de paralizar el objetivo.', 15, 9, 0);
insert into movimiento values(83, 'Golpe kárate', 50, 100, 'Causa daño y tiene un alto índice de golpe crítico.', 25, 9, 0);
insert into movimiento values(84, 'Golpes furia', 50, 100, 'Causa daño de 2 a 5 turnos.', 15, 9, 0);
insert into movimiento values(85, 'Gruñido', 0, 100, 'Baja un nivel el ataque del objetivo.', 40, 9, 0);
insert into movimiento values(86, 'Guillotina', 0, 30, 'Si acierta, provoca KO en un turno.', 5, 9, 0);
insert into movimiento values(87, 'Hipercolmillo', 80, 90, 'Causa daño y tiene un una probabilidad del 10% de hacer retroceder al objetivo.', 15, 9, 0);
insert into movimiento values(88, 'Hiperrayo', 150, 90, 'Causa daño. No podra moverse en el segundo turno.', 5, 9, 0);
insert into movimiento values(89, 'Látigo', 0, 100, 'Baja en un nivel la defensa del oponente.', 30, 9, 0);
insert into movimiento values(90, 'Malicioso', 0, 100, 'Baja en un nivel la defensa del oponente.', 30, 9, 0);
insert into movimiento values(91, 'Megapatada', 120, 75, 'Causa daño.', 5, 9, 0);
insert into movimiento values(92, 'MegaPuño', 80, 85, 'Causa daño.', 20, 9, 0);
insert into movimiento values(93, 'Metrónomo', 0, 0, 'Utiliza un movimiento al azar.', 15, 9, 0);
insert into movimiento values(94, 'Mimético', 0, 0, 'Permite al usuario elegir uno de los movimientos del objetivo y copiarlo.', 25, 9, 0);
insert into movimiento values(95, 'Mordisco', 60, 100, 'Causa daño y tiene una probabilidad del 10% de hacer retroceder.', 25, 9, 0);
insert into movimiento values(96, 'Pantalla de humo', 0, 100, 'Baja en un nivel la precisión del oponente.', 20, 9, 0);
insert into movimiento values(97, 'Perforador',0, 30, 'Si acierta, provoca KO en un turno.', 5, 9, 0);
insert into movimiento values(98, 'Pisotón', 65, 100, 'Causa daño y tiene una probabilidad del 30% de hacer retroceder.', 20, 9, 0);
insert into movimiento values(100, 'Atizar', 80, 75, 'Causa daño.', 20, 9, 0);
insert into movimiento values(101, 'Presa', 50, 100, 'Causa daño de 2 a 5 turnos.', 20, 9, 0);
insert into movimiento values(102, 'Puño cometa', 18, 85, 'Causa daño de 2 a 5 turnos.', 15, 9, 0);
insert into movimiento values(103, 'Rapidez', 60, 0, 'Causa daño. No falla.', 20, 9, 0);
insert into movimiento values(104, 'Recuperación', 0, 0, 'Restaura la mitad de los PS máximos del usuario', 20, 9, 0);
insert into movimiento values(105, 'Reducción', 0, 0, 'Aumenta la evasión del usuario en un nivel.', 10, 9, 0);
insert into movimiento values(106, 'Remolino', 0, 85, 'Ahuyenta a los pokemon salvajes.', 20, 9, 0);
insert into movimiento values(107, 'Constricción', 15, 85, 'Causa daño de 2 a 5 turnos. Imposibilidad de atacar al objetivo', 20, 9, 0);
insert into movimiento values(109, 'Rizo de defensa', 0, 100, 'Aumenta en un nivel la defensa del usuario.', 40, 9, 0);
insert into movimiento values(110, 'Rugido', 0, 0, 'Ahuyenta a los pokemon salvajes.', 20, 9, -6);
insert into movimiento values(111, 'Salpicadura', 0, 0, 'No tiene ningún efecto.', 40, 9, 0);
insert into movimiento values(112, 'Superdiente', 0, 90, 'Quita al objetivo la mitad de sus PS actuales.', 10, 9, 0);
insert into movimiento values(113, 'Supersónico', 0, 55, 'Confunde al objetivo.', 20, 9, 0);
insert into movimiento values(114, 'Sustituto', 0, 0, 'Crea un sustituo con el 25% de los PS maximos del usuario para que reciba el daño de los movimientos', 10, 9, 0);
insert into movimiento values(115, 'Tornado', 40, 100, 'Causa daño.', 35, 9, 0);
insert into movimiento values(116, 'Transformación', 0, 0, 'Convierte al usuario en el Pokémon objetivo, copiando su tipo, sus movimientos, habilidad, su ratio de captura, sus estadísticas y cambios en las mismas.', 10, 9, 0);
insert into movimiento values(117, 'Triataque', 80, 100, 'Causa daño. Tiene un 20% de provocar quemaduras, paralisis o congelación', 10, 9, 0);
insert into movimiento values(118, 'Venganza', 0, 0, ' Hace que el usuario se mantenga inmóvil durante 2-3 turnos seguidos, sin poder realizar ninguna acción, para después devolver el doble del daño recibido. El movimiento falla si el usuario no resulta dañado por el enemigo.', 10, 9, 0);
insert into movimiento values(119, 'Viento cortante', 80, 75, 'carga en el primer turno que es efectuado, creando un remolino. En el segundo turno, causa daño.', 10, 9, 0);
insert into movimiento values(120, 'Absorber', 20, 100, 'Causa daño y el usuario recupera el 50% de los PS quitados por el movimiento al objetivo', 20, 10, 0);
insert into movimiento values(121, 'Danza pétalo', 70, 100, 'Causa daño entre 3 o 4 turnos seguidos. El usuario termina confundido.', 20, 10, 0);
insert into movimiento values(122, 'Drenadoras', 0, 90, 'Planta tres semillas en el oponente, las cuales le roban 1/16 de sus PS máximos al final de cada turno. El usuario recupera esa misma cantidad de PS. Si el usuario es cambiado, el Pokémon que pase a ocupar su lugar recibirá esos puntos de salud. El efecto se pasa al cambiar el Pokémon infectado por drenadoras. Drenadoras no afecta a Pokémon de tipo planta.', 10, 10, 0);
insert into movimiento values(123, 'Espora', 0, 100, 'Duerme al objetivo.', 15, 10, 0);
insert into movimiento values(124, 'Hoja afilada', 55, 95, 'Causa daño y tiene una alta probabilidad de dar un golpe crítico (12,5%).', 25, 10, 0);
insert into movimiento values(125, 'Látigo cepa', 35, 100, 'Causa daño.', 25, 10, 0);
insert into movimiento values(126, 'Megaagotar', 45, 100, 'Causa daño y el usuario recupera el 50% de los PS quitados por el movimiento al objetivo', 15, 10, 0);
insert into movimiento values(127, 'Paralizador', 0, 75, 'Paraliza al objetivo', 30, 10, 0);
insert into movimiento values(128, 'Rayo solar', 120, 100, 'utiliza este movimiento concentra la energía solar un turno, para liberar un rayo que causa daño en el siguiente turno.', 10, 10, 0);
insert into movimiento values(129, 'Somnífero', 0, 75, 'Duerme al objetivo', 15, 10, 0);
insert into movimiento values(130, 'Agilidad', 0, 0, 'Sube en dos niveles la velocidad del usuario.', 30, 11, 0);
insert into movimiento values(131, 'Amnesia', 0, 0, 'Aumenta en dos niveles el especial del usuario', 20, 11, 0);
insert into movimiento values(132, 'Barrera', 0, 0, 'Aumneta en dos niveles la defensa del usuario.', 30, 11, 0);
insert into movimiento values(133, 'Comesueños', 100, 100, 'Causa daño a un objetivo dormido y el usuario recupera el 50% de los PS quitados por movimiento al objetivo.', 15, 11, 0);
insert into movimiento values(134, 'Confusión', 50, 100, 'Causa daño y tiene una probabilidad del 10% de confundir al objetivo.', 25, 11, 0);
insert into movimiento values(135, 'Descanso', 0, 0, 'hace que el usuario se duerma y recupere la totalidad de los PS, curando en el proceso cualquier problema de estado. El usuario después permanece dormido durante 2 turnos.', 10, 11, 0);
insert into movimiento values(136, 'Hipnosis', 0, 60, 'Duerme al objetivo.', 20, 11, 0);
insert into movimiento values(137, 'Kinético', 0, 80, 'Baja la precisión del objetivo en un nivel.', 15, 11, 0);
insert into movimiento values(138, 'Meditación', 0, 0, 'aumenta un nivel el ataque del usuario.', 40, 11, 0);
insert into movimiento values(139, 'Pantalla de luz', 0, 0, 'Dobla la defensa especial del usuario.', 30, 11, 0);
insert into movimiento values(140, 'Psicoonda', 0, 80, 'Causa un daño variable al oponente, elegido al azar de un número entre 0,5 y 1,5 veces el nivel del usuario.', 15, 11, 0);
insert into movimiento values(141, 'Psicorrayo', 65, 60, 'Causa daño y tiene una probabilidad del 10% de confundir al objetivo.', 20,  11, 0);
insert into movimiento values(142, 'Psíquico', 90, 100, 'Causa daño y tiene una probabilidad del 30% de bajar en un nivel el especial del objetivo.', 20,  11, 0);
insert into movimiento values(143, 'Reflejo', 0, 0, 'Dobla la defensa física del usuario.', 20, 11, 0);
insert into movimiento values(144, 'Teletransporte', 0, 0, 'Permite huir de combates individuales.', 20, 11, 0);
insert into movimiento values(145, 'Avalancha', 75, 90, 'Causa daño.', 10, 12, 0);
insert into movimiento values(146, 'Lanzarocas', 50, 65, 'Causa daño.', 15, 12, 0);
insert into movimiento values(147, 'Excavar', 100, 100, 'Cava en el primer turno y el segundo turno ataca.', 10, 13, 0);
insert into movimiento values(148, 'Fisura', 0, 30, 'Si acierta, provoca un golpe fulminante.', 5, 13, 0);
insert into movimiento values(149, 'Hueso palo', 65, 85, 'Causa daño y tiene una probabilidad del 10% de hacer retroceder al objetivo.', 20, 13, 0);
insert into movimiento values(150, 'Huesomerang', 50, 90, 'Causa daño, golpeando al objetivo en un mismo turno.', 10, 13, 0);
insert into movimiento values(151, 'Terremoto', 100, 100, 'Causa daño.', 10, 13, 0);
insert into movimiento values(152, 'Ácido', 40, 100, 'Causa daño y tiene una probabilidad deñ 10% de bajar un nivel la defensa del objetivo.', 30, 14, 0);
insert into movimiento values(153, 'Armadura ácida', 0, 0, 'Sube en dos niveles la defensa del usuario.', 20, 14, 0);
insert into movimiento values(154, 'Gas venenoso', 0, 55, 'Envenena al objetivo', 40, 14, 0);
insert into movimiento values(155, 'Picotazo venenoso', 15, 100, 'Causa daño y tiene una probabilidad del 30% de envenenar al oponente.', 35, 14, 0);
insert into movimiento values(156, 'Polución', 20, 70, 'Causa daño y tiene una probabilidad del 40% de envenar al objetivo.', 20,  14, 0);
insert into movimiento values(157, 'Polvo veneno', 0, 75, 'Envenena al objetivo', 35, 14, 0);
insert into movimiento values(158, 'Residuos', 65, 100, 'Causa daño y tiene una probabilidad del 30% de envenenar al objetivo.', 20, 14, 0);
insert into movimiento values(159, 'Tóxico', 0, 85, 'provoca un grave envenenamiento que se agrava con el paso de los turnos.', 10, 14, 0);
insert into movimiento values(160, 'Ataque aéreo', 140, 90, 'Se prepara durante el primer turno. En el segundo turno causa daño al objetivo.', 5, 15, 0);
insert into movimiento values(161, 'Ataque ala', 35, 100, 'Causa daño.', 35, 15, 0);
insert into movimiento values(162, 'Movimiento espejo', 0, 0, 'Utiliza el último ataque usado que haya tenido al usuario por objetivo. ', 20, 15, 0);
insert into movimiento values(164, 'Pico taladro', 80, 100, 'Causa daño.', 20, 15, 0);
insert into movimiento values(165, 'Picotazo', 35, 100, 'Causa daño.', 35, 15, 0);
insert into movimiento values(166, 'Vuelo', 70, 100, ' emplea dos turnos: en el primero, el Pokémon vuela muy alto, tanto que estará fuera del alcance de la mayoría de los movimientos. En el segundo turno ocurre la caída del vuelo, en la cual el Pokémon golpea al oponente, pero puede ser interrumpida de muchas maneras.', 15, 15, 0);
insert into movimiento values(167, 'Restricción', 10, 100, 'Restricción causa daño y tiene una probabilidad del 10% de bajar un nivel la velocidad del oponente.', 35, 9, 0);
insert into movimiento values(168, 'Puño mareo', 70, 100, 'Causa daño y tiene una probabilidad del 20% de confundir al objetivo.', 10, 9, 0);