DROP DATABASE IF EXISTS pokemondb2;
CREATE DATABASE pokemondb2;
USE pokemondb2;

CREATE TABLE pokemon(
	NUMERO_POKEDEX INT UNSIGNED AUTO_INCREMENT NOT NULL,
    NOMBRE VARCHAR(15),
    PESO FLOAT(6.3),
    ALTURA FLOAT(6.3),
    DESCRIPCION VARCHAR (512),
    URL VARCHAR (512),
    CONSTRAINT POKEMON_PK PRIMARY KEY (NUMERO_POKEDEX)
);

ALTER TABLE pokemon AUTO_INCREMENT = 1;

/*CREACION DE NUEVA TABLA PARTE 2 - ESTADISTICAS BASE*/
CREATE TABLE estadisticas_base(
	NUMERO_POKEDEX INT UNSIGNED NOT NULL,
    PS INT UNSIGNED NOT NULL,
    ATAQUE INT UNSIGNED NOT NULL,
    DEFENSA INT UNSIGNED NOT NULL,
    ESPECIAL INT UNSIGNED NOT NULL,
    VELOCIDAD INT UNSIGNED NOT NULL,
    CONSTRAINT EB_NUMERO_POKEDEX FOREIGN KEY (NUMERO_POKEDEX) REFERENCES pokemon(NUMERO_POKEDEX)
    ON DELETE CASCADE
    ON UPDATE CASCADE,
	CONSTRAINT ESTADISTICAS_BASE_PK PRIMARY KEY (NUMERO_POKEDEX)
);
/*CREACION DE NUEVA TABLA PARTE 3 - evoluciona_de*/
CREATE TABLE evoluciona_de(
	POKEMON_EVOLUCIONADO INT UNSIGNED NOT NULL,
    POKEMON_ORIGEN INT UNSIGNED NOT NULL,
    CONSTRAINT ED_POKEMON_EVOLUCIONADO_FK FOREIGN KEY (POKEMON_EVOLUCIONADO) REFERENCES pokemon(NUMERO_POKEDEX)
    ON DELETE CASCADE
    ON UPDATE CASCADE,
    CONSTRAINT ED_POKEMON_ORIGEN_FK FOREIGN KEY (POKEMON_ORIGEN) REFERENCES pokemon(NUMERO_POKEDEX)
    ON DELETE CASCADE
    ON UPDATE CASCADE,
    CONSTRAINT ED_PK PRIMARY KEY (POKEMON_EVOLUCIONADO, POKEMON_ORIGEN)
);
/*CREACION DE NUEVA TABLA PARTE 3 - tipo_evolucion*/
CREATE TABLE tipo_evolucion(
	ID_TIPO_EVOLUCION INT UNSIGNED NOT NULL,
    TIPO_EVOLUCION VARCHAR(15) NOT NULL,
    CONSTRAINT TE_PK PRIMARY KEY (ID_TIPO_EVOLUCION)
);
/*CREACION DE NUEVA TABLA PARTE 3 - forma_evolucion*/
CREATE TABLE forma_evolucion(
	ID_FORMA_EVOLUCION INT UNSIGNED NOT NULL,
    TIPO_EVOLUCION  INT UNSIGNED NOT NULL NOT NULL,
    CONSTRAINT FE_TIPO_EVOLUCION_FK  FOREIGN KEY (TIPO_EVOLUCION) REFERENCES tipo_evolucion(ID_TIPO_EVOLUCION)
    ON DELETE CASCADE
    ON UPDATE CASCADE,
    CONSTRAINT FE_PK PRIMARY KEY (ID_FORMA_EVOLUCION)
);
/*CREACION DE NUEVA TABLA PARTE 3 - forma_evolucion*/
CREATE TABLE pokemon_forma_evolucion(
	NUMERO_POKEDEX INT UNSIGNED NOT NULL,
    ID_FORMA_EVOLUCION INT UNSIGNED NOT NULL,
    CONSTRAINT PFE_NUMERO_POKEDEX_FK FOREIGN KEY (NUMERO_POKEDEX) REFERENCES pokemon(NUMERO_POKEDEX)
    ON DELETE CASCADE
    ON UPDATE CASCADE,
    CONSTRAINT PFE_ID_FORMA_EVOLUCION_FK FOREIGN KEY (ID_FORMA_EVOLUCION) REFERENCES forma_evolucion(ID_FORMA_EVOLUCION)
    ON DELETE CASCADE
    ON UPDATE CASCADE,
    CONSTRAINT PFE_PK PRIMARY KEY (NUMERO_POKEDEX, ID_FORMA_EVOLUCION)
);
/*CREACION DE NUEVA TABLA PARTE 3 - nivel_evolucion*/
CREATE TABLE nivel_evolucion(
	ID_FORMA_EVOLUCION INT UNSIGNED NOT NULL,
    NIVEL INT UNSIGNED NOT NULL,
    CONSTRAINT NE_ID_FORMA_EVOLUCION_FK FOREIGN KEY (ID_FORMA_EVOLUCION) REFERENCES forma_evolucion(ID_FORMA_EVOLUCION)
    ON DELETE CASCADE
    ON UPDATE CASCADE,
	CONSTRAINT NE_PK PRIMARY KEY (ID_FORMA_EVOLUCION)
);
/*CREACION DE NUEVA TABLA PARTE 3 - tipo_piedra*/
CREATE TABLE tipo_piedra(
	ID_TIPO_PIEDRA INT UNSIGNED NOT NULL,
    NOMBRE_PIEDRA VARCHAR(20) NOT NULL,
	CONSTRAINT TP_PK PRIMARY KEY (ID_TIPO_PIEDRA)
);
/*CREACION DE NUEVA TABLA PARTE 3 - piedra*/
CREATE TABLE piedra(
	ID_FORMA_EVOLUCION INT UNSIGNED NOT NULL,
    ID_TIPO_PIEDRA INT UNSIGNED NOT NULL,
    CONSTRAINT P_ID_FORMA_EVOLUCION_FK FOREIGN KEY (ID_FORMA_EVOLUCION) REFERENCES forma_evolucion(ID_FORMA_EVOLUCION)
    ON DELETE CASCADE
    ON UPDATE CASCADE,
    CONSTRAINT P_ID_TIPO_PIEDRA_FK FOREIGN KEY (ID_TIPO_PIEDRA) REFERENCES tipo_piedra( ID_TIPO_PIEDRA)
    ON DELETE CASCADE
    ON UPDATE CASCADE,
    CONSTRAINT P_PK PRIMARY KEY (ID_FORMA_EVOLUCION)
);
CREATE TABLE tipo_ataque(
	ID_TIPO_ATAQUE INT UNSIGNED NOT NULL,
    TIPO VARCHAR(8),
    CONSTRAINT TIPO_ATAQUE_PK PRIMARY KEY (ID_TIPO_ATAQUE)
);
CREATE TABLE tipo(
	ID_TIPO INT UNSIGNED NOT NULL,
    NOMBRE VARCHAR(10) NOT NULL,
    ID_TIPO_ATAQUE INT UNSIGNED NOT NULL,
    CONSTRAINT ID_TIPO_ATAQUE_FK FOREIGN KEY (ID_TIPO_ATAQUE) REFERENCES tipo_ataque(ID_TIPO_ATAQUE)
    ON DELETE CASCADE
    ON UPDATE CASCADE,
    CONSTRAINT TIPO_PK PRIMARY KEY (ID_TIPO)
);
CREATE TABLE movimiento(
	ID_MOVIMIENTO INT UNSIGNED NOT NULL,
    NOMBRE VARCHAR(20) NOT NULL,
    POTENCIA INT UNSIGNED NOT NULL,
    PRECISION_MOV INT UNSIGNED NOT NULL,
    DESCRIPCION VARCHAR(500) NOT NULL,
    PP INT UNSIGNED NOT NULL,
    ID_TIPO INT UNSIGNED NOT NULL,
    PRIORIDAD INT  NOT NULL,
	CONSTRAINT ID_TIPO_MOVIMIENTO_FK FOREIGN KEY (ID_TIPO) REFERENCES tipo(ID_TIPO)
    ON DELETE CASCADE
    ON UPDATE CASCADE,
    CONSTRAINT MOVIMIENTO_PK PRIMARY KEY (ID_MOVIMIENTO)
);
/*CREACION DE NUEVA TABLA PARTE 3 - TIPO APRENDIZAJE*/
CREATE TABLE tipo_forma_aprendizaje(
	ID_TIPO_APRENDIZAJE INT UNSIGNED NOT NULL,
    TIPO_APRENDIZAJE VARCHAR (20) NOT NULL,
    CONSTRAINT TFA_PK PRIMARY KEY (ID_TIPO_APRENDIZAJE)
);
/*CREACION DE NUEVA TABLA PARTE 3 - FORMA APRENDIZAJE*/
CREATE TABLE forma_aprendizaje(
	ID_FORMA_APRENDIZAJE INT UNSIGNED NOT NULL,
    ID_TIPO_APRENDIZAJE INT UNSIGNED NOT NULL,
	CONSTRAINT FA_ID_TIPO_APRENDIZAJE_FK FOREIGN KEY (ID_TIPO_APRENDIZAJE) REFERENCES tipo_forma_aprendizaje(ID_TIPO_APRENDIZAJE)
    ON DELETE CASCADE
    ON UPDATE CASCADE,
	CONSTRAINT FORMA_APRENDIZAJE_PK PRIMARY KEY (ID_FORMA_APRENDIZAJE)
);
/*CREACION DE NUEVA TABLA PARTE 3 -  NIVEL APRENDIZAJE*/
CREATE TABLE nivel_aprendizaje (
	ID_FORMA_APRENDIZAJE INT UNSIGNED NOT NULL,
    NIVEL INT UNSIGNED NOT NULL,
    CONSTRAINT NA_FK FOREIGN KEY (ID_FORMA_APRENDIZAJE) REFERENCES forma_aprendizaje(ID_FORMA_APRENDIZAJE),
    CONSTRAINT NA_PK PRIMARY KEY (ID_FORMA_APRENDIZAJE)
);
/*CREACION DE NUEVA TABLA PARTE 3 -  MO*/
CREATE TABLE mo (
	ID_FORMA_APRENDIZAJE INT UNSIGNED NOT NULL,
    MO VARCHAR(5) NOT NULL,
    CONSTRAINT MO_FK FOREIGN KEY (ID_FORMA_APRENDIZAJE) REFERENCES forma_aprendizaje(ID_FORMA_APRENDIZAJE),
    CONSTRAINT MO_PK PRIMARY KEY (ID_FORMA_APRENDIZAJE)
);
/*CREACION DE NUEVA TABLA PARTE 3 -  MT*/
CREATE TABLE mt (
	ID_FORMA_APRENDIZAJE INT UNSIGNED NOT NULL,
    MT VARCHAR(5) NOT NULL,
    CONSTRAINT MT_FK FOREIGN KEY (ID_FORMA_APRENDIZAJE) REFERENCES forma_aprendizaje(ID_FORMA_APRENDIZAJE),
    CONSTRAINT MT_PK PRIMARY KEY (ID_FORMA_APRENDIZAJE)
);
/*CREACION DE NUEVA TABLA PARTE 2 - FORMA MOVIMIENTO*/
CREATE TABLE pokemon_movimiento_forma(
	NUMERO_POKEDEX INT UNSIGNED NOT NULL,
    ID_MOVIMIENTO INT UNSIGNED NOT NULL,
    ID_FORMA_APRENDIZAJE INT UNSIGNED NOT NULL,
    CONSTRAINT MF_NUMERO_POKEDEX_FK FOREIGN KEY (NUMERO_POKEDEX) REFERENCES pokemon(NUMERO_POKEDEX)
    ON DELETE CASCADE
    ON UPDATE CASCADE,
    CONSTRAINT MF_ID_MOVIMIENTO_FK FOREIGN KEY (ID_MOVIMIENTO) REFERENCES movimiento(ID_MOVIMIENTO)
    ON DELETE CASCADE
    ON UPDATE CASCADE,
	CONSTRAINT MF_ID_FORMA_APRENDIZAJE_FK FOREIGN KEY (ID_FORMA_APRENDIZAJE) REFERENCES forma_aprendizaje(ID_FORMA_APRENDIZAJE)
    ON DELETE CASCADE
    ON UPDATE CASCADE,
    CONSTRAINT POKEMON_MOVIMIENTO_FORMA_PK PRIMARY KEY (NUMERO_POKEDEX, ID_MOVIMIENTO, ID_FORMA_APRENDIZAJE)
);


/*CREACION DE NUEVA TABLA PARTE 2 -  EFECTO SECUNDARIO*/

CREATE TABLE efecto_secundario(
	ID_EFECTO_SECUNDARIO INT UNSIGNED NOT NULL,
    EFECTO_SECUNDARIO VARCHAR(30),
    CONSTRAINT ES_PK PRIMARY KEY (ID_EFECTO_SECUNDARIO)
);
/*CREACION DE NUEVA TABLA PARTE 2 - MOVIMIENTO EFECTO SECUNDARIO*/
CREATE TABLE movimiento_efecto_secundario (
	ID_MOVIMIENTO INT UNSIGNED NOT NULL,
    ID_EFECTO_SECUNDARIO INT UNSIGNED NOT NULL,
    PROBABILIDAD FLOAT(6,3),
	CONSTRAINT MES_ID_MOVIMIENTO_FK FOREIGN KEY (ID_MOVIMIENTO) REFERENCES movimiento(ID_MOVIMIENTO)
    ON DELETE CASCADE
    ON UPDATE CASCADE,
    CONSTRAINT MES_ID_EFECTO_SECUNDARIO_FK FOREIGN KEY (ID_EFECTO_SECUNDARIO) REFERENCES efecto_secundario(ID_EFECTO_SECUNDARIO)
    ON DELETE CASCADE
    ON UPDATE CASCADE,
	CONSTRAINT MES_PK PRIMARY KEY (ID_MOVIMIENTO, ID_EFECTO_SECUNDARIO)
);

CREATE TABLE pokemon_tipo(
	NUMERO_POKEDEX INT UNSIGNED NOT NULL,
    ID_TIPO INT UNSIGNED NOT NULL,
    CONSTRAINT NUMERO_POKEDEX_FK FOREIGN KEY (NUMERO_POKEDEX) REFERENCES pokemon(NUMERO_POKEDEX)
    ON DELETE CASCADE
    ON UPDATE CASCADE,
	CONSTRAINT ID_TIPO_FK FOREIGN KEY (ID_TIPO) REFERENCES tipo(ID_TIPO)
    ON DELETE CASCADE
    ON UPDATE CASCADE,
    CONSTRAINT POKEMON_TIPO_PK PRIMARY KEY (NUMERO_POKEDEX, ID_TIPO)
);

/*Pokemon*/
INSERT INTO pokemon VALUES
    (1, 'Bulbasaur', 6.9, 0.7, 'Desde que nace, crece alimentándose de los nutrientes que contiene la semilla de su lomo.', 'https://raw.githubusercontent.com/PokeAPI/sprites/master/sprites/pokemon/other/official-artwork/1.png'),
    (2, 'Ivysaur', 13.0, 1.0, 'La luz del sol lo fortalece y hace que le crezca el capullo que tiene en el lomo.', 'https://raw.githubusercontent.com/PokeAPI/sprites/master/sprites/pokemon/other/official-artwork/2.png'),
    (3, 'Venusaur', 100.0, 2.0, 'La flor que tiene en el lomo libera un delicado aroma, que tiene un efecto relajante en combate.', 'https://raw.githubusercontent.com/PokeAPI/sprites/master/sprites/pokemon/other/official-artwork/3.png'),
    (4, 'Charmander', 8.5, 0.6, 'Este Pokémon nace con una llama en la punta de la cola. Si se le apagara, fallecería.', 'https://raw.githubusercontent.com/PokeAPI/sprites/master/sprites/pokemon/other/official-artwork/4.png'),
    (5, 'Charmeleon', 19.0, 1.1, 'Si se exalta en combate, expulsa intensas llamaradas que incineran todo a su alrededor.', 'https://raw.githubusercontent.com/PokeAPI/sprites/master/sprites/pokemon/other/official-artwork/5.png'),
    (6, 'Charizard', 90.5, 1.7, 'Sus potentes alas le permiten volar a una altura de 1400 m. Escupe llamaradas que llegan a alcanzar temperaturas elevadísimas.', 'https://raw.githubusercontent.com/PokeAPI/sprites/master/sprites/pokemon/other/official-artwork/6.png'),
    (7, 'Squirtle', 9.0, 0.5, 'Cuando se siente en peligro, se esconde en su caparazón y escupe chorros de agua por la boca.', 'https://raw.githubusercontent.com/PokeAPI/sprites/master/sprites/pokemon/other/official-artwork/7.png'),
    (8, 'Wartortle', 22.5, 1.0, 'Utiliza hábilmente sus peludas orejas y la cola para mantener el equilibrio al nadar.', 'https://raw.githubusercontent.com/PokeAPI/sprites/master/sprites/pokemon/other/official-artwork/8.png'),
    (9, 'Blastoise', 85.5, 1.6, 'Dispara chorros de agua a través de los cañones de su caparazón, capaces de agujerear incluso el acero.', 'https://raw.githubusercontent.com/PokeAPI/sprites/master/sprites/pokemon/other/official-artwork/9.png'),
    (10, 'Caterpie', 2.9, 0.3, 'Sus cortas patas están recubiertas de ventosas que le permiten subir incansable por muros y cuestas.', 'https://raw.githubusercontent.com/PokeAPI/sprites/master/sprites/pokemon/other/official-artwork/10.png'),
    (11, 'Metapod', 9.9, 0.7, 'Aunque cuenta con una coraza muy dura, tiene un cuerpo bastante blando. Un ataque violento puede acabar con él.', 'https://raw.githubusercontent.com/PokeAPI/sprites/master/sprites/pokemon/other/official-artwork/11.png'),
    (12, 'Butterfree', 32.0, 1.1, 'Recoge néctar a diario y se lo adhiere al pelo de las patas para llevarlo a su nido.', 'https://raw.githubusercontent.com/PokeAPI/sprites/master/sprites/pokemon/other/official-artwork/12.png'),
    (13, 'Weedle', 3.2, 0.3, 'El aguijón de la cabeza es muy puntiagudo. Se alimenta de hojas oculto en la espesura de bosques y praderas.', 'https://raw.githubusercontent.com/PokeAPI/sprites/master/sprites/pokemon/other/official-artwork/13.png'),
    (14, 'Kakuna', 10.0, 0.6, 'Aunque es casi incapaz de moverse, en caso de sentirse amenazado puede envenenar a los enemigos con su aguijón.', 'https://raw.githubusercontent.com/PokeAPI/sprites/master/sprites/pokemon/other/official-artwork/14.png'),
    (15, 'Beedrill', 29.5, 1.0, 'Tiene tres aguijones venenosos, dos en las patas anteriores y uno en la parte baja del abdomen, con los que ataca a sus enemigos una y otra vez.', 'https://raw.githubusercontent.com/PokeAPI/sprites/master/sprites/pokemon/other/official-artwork/15.png'),
    (16, 'Pidgey', 1.8, 0.3, 'Su docilidad es tal que suelen defenderse levantando arena en lugar de contraatacar.', 'https://raw.githubusercontent.com/PokeAPI/sprites/master/sprites/pokemon/other/official-artwork/16.png'),
    (17, 'Pidgeotto', 30.0, 1.1, 'Su extraordinaria vitalidad y resistencia le permiten cubrir grandes distancias del territorio que habita en busca de presas.', 'https://raw.githubusercontent.com/PokeAPI/sprites/master/sprites/pokemon/other/official-artwork/17.png'),
    (18, 'Pidgeot', 39.5, 1.5, 'Este Pokémon vuela a una velocidad de 2 mach en busca de presas. Sus grandes garras son armas muy peligrosas.', 'https://raw.githubusercontent.com/PokeAPI/sprites/master/sprites/pokemon/other/official-artwork/18.png'),
    (19, 'Rattata', 3.5, 0.3, 'Es propenso a hincar los incisivos en cualquier cosa que se le ponga por delante. Si se ve alguno, seguramente haya cuarenta cerca.', 'https://raw.githubusercontent.com/PokeAPI/sprites/master/sprites/pokemon/other/official-artwork/19.png'),
    (20, 'Raticate', 18.5, 0.7, 'Gracias a las pequeñas membranas de las patas traseras, puede nadar por los ríos para capturar presas.', 'https://raw.githubusercontent.com/PokeAPI/sprites/master/sprites/pokemon/other/official-artwork/20.png'),
    (21, 'Spearow', 2.0, 0.3, 'A la hora de proteger su territorio, compensa su incapacidad para volar a gran altura con una increíble velocidad.', 'https://raw.githubusercontent.com/PokeAPI/sprites/master/sprites/pokemon/other/official-artwork/21.png'),
    (22, 'Fearow', 38.0, 1.2, 'Este Pokémon ha existido desde tiempos remotos. Al menor atisbo de peligro, alza el vuelo y huye.', 'https://raw.githubusercontent.com/PokeAPI/sprites/master/sprites/pokemon/other/official-artwork/22.png'),
    (23, 'Ekans', 6.9, 2.0, 'La longitud de este Pokémon aumenta con el tiempo. Por la noche, se enrosca en las ramas de los árboles para descansar.', 'https://raw.githubusercontent.com/PokeAPI/sprites/master/sprites/pokemon/other/official-artwork/23.png'),
    (24, 'Arbok', 65.0, 3.5, 'Se han llegado a identificar hasta seis variaciones distintas de los espeluznantes dibujos de su piel.', 'https://raw.githubusercontent.com/PokeAPI/sprites/master/sprites/pokemon/other/official-artwork/24.png'),
    (25, 'Pikachu', 6.0, 0.4, 'Los miembros de esta especie se saludan entre sí uniendo sus colas y transmitiéndose corriente eléctrica.', 'https://raw.githubusercontent.com/PokeAPI/sprites/master/sprites/pokemon/other/official-artwork/25.png'),
    (26, 'Raichu', 30.0, 0.8, 'Cuando ha descargado las bolsas de las mejillas, levanta la cola y absorbe la carga eléctrica que hay en el ambiente.', 'https://raw.githubusercontent.com/PokeAPI/sprites/master/sprites/pokemon/other/official-artwork/26.png'),
    (27, 'Sandshrew', 12.0, 0.6, 'Excava madrigueras profundas en las que vive. Parte con sus afiladas garras cualquier roca, por dura que sea, que le entorpezca el camino.', 'https://raw.githubusercontent.com/PokeAPI/sprites/master/sprites/pokemon/other/official-artwork/27.png'),
    (28, 'Sandslash', 29.5, 1.0, 'Trepa a los árboles con sus afiladas garras y deja caer bayas para los Sandshrew que esperan debajo.', 'https://raw.githubusercontent.com/PokeAPI/sprites/master/sprites/pokemon/other/official-artwork/28.png'),
    (29, 'Nidoran♀', 7.0, 0.4, 'Parte las bayas con sus duros incisivos para comérselas. La punta del cuerno de las hembras es más redondeada que la de los machos.', 'https://raw.githubusercontent.com/PokeAPI/sprites/master/sprites/pokemon/other/official-artwork/29.png'),
    (30, 'Nidorina', 20.0, 0.8, 'Cuando el peligro se cierne sobre la manada, los miembros unen fuerzas para defenderse emitiendo un coro de ondas ultrasónicas.', 'https://raw.githubusercontent.com/PokeAPI/sprites/master/sprites/pokemon/other/official-artwork/30.png'),
    (31, 'Nidoqueen', 60.0, 1.3, 'Para mecer a sus crías, las coloca en los huecos que tiene entre las púas dorsales, momento durante el cual no secretan veneno.', 'https://raw.githubusercontent.com/PokeAPI/sprites/master/sprites/pokemon/other/official-artwork/31.png'),
    (32, 'Nidoran♂', 9.0, 0.5, 'Pequeño pero valiente. Arriesgaría la vida en combate con tal de proteger a su compañera.', 'https://raw.githubusercontent.com/PokeAPI/sprites/master/sprites/pokemon/other/official-artwork/32.png'),
    (33, 'Nidorino', 19.5, 0.9, 'Es nervioso y agresivo por naturaleza. Cuando suben sus niveles de adrenalina, la concentración de toxinas en su veneno aumenta.', 'https://raw.githubusercontent.com/PokeAPI/sprites/master/sprites/pokemon/other/official-artwork/33.png'),
    (34, 'Nidoking', 62.0, 1.4, 'Presume de su hercúlea fuerza y combate vigorosamente con su robusta cola y su cuerno, con el que hasta puede pulverizar diamantes.', 'https://raw.githubusercontent.com/PokeAPI/sprites/master/sprites/pokemon/other/official-artwork/34.png'),
    (35, 'Clefairy', 7.5, 0.6, 'Su adorable grito y comportamiento lo hacen muy popular. Sin embargo, raramente se avista.', 'https://raw.githubusercontent.com/PokeAPI/sprites/master/sprites/pokemon/other/official-artwork/35.png'),
    (36, 'Clefable', 40.0, 1.3, 'Su oído es tan fino que puede percibir cómo cae una aguja a 1 km de distancia. Por eso suele habitar en lugares tranquilos.', 'https://raw.githubusercontent.com/PokeAPI/sprites/master/sprites/pokemon/other/official-artwork/36.png'),
    (37, 'Vulpix', 9.9, 0.6, 'Su pelaje se va volviendo más suave, lustroso y bello a medida que le crecen las seis colas. Al abrazarlo, emana una ligera calidez.', 'https://raw.githubusercontent.com/PokeAPI/sprites/master/sprites/pokemon/other/official-artwork/37.png'),
    (38, 'Ninetales', 19.9, 1.1, 'Muy inteligente y vengativo. Agarrar una de sus colas podría traer 1000 años de mala suerte.', 'https://raw.githubusercontent.com/PokeAPI/sprites/master/sprites/pokemon/other/official-artwork/38.png'),
    (39, 'Jigglypuff', 5.5, 0.5, 'Posee la capacidad de modular su voz a voluntad cambiando la longitud de onda para entonar una melodía misteriosa que provoca adormecimiento.', 'https://raw.githubusercontent.com/PokeAPI/sprites/master/sprites/pokemon/other/official-artwork/39.png'),
    (40, 'Wigglytuff', 12.0, 1.0, 'Se enorgullece de su pelaje fino y sedoso. El rizo de la frente, en especial, posee un tacto sublime.', 'https://raw.githubusercontent.com/PokeAPI/sprites/master/sprites/pokemon/other/official-artwork/40.png'),
    (41, 'Zubat', 7.5, 0.8, 'Habitan en cuevas donde no llegan los rayos del sol. De día, se acurrucan unos junto a otros para entrar en calor mientras duermen.', 'https://raw.githubusercontent.com/PokeAPI/sprites/master/sprites/pokemon/other/official-artwork/41.png'),
    (42, 'Golbat', 55.0, 1.6, 'Camina con soltura sobre sus pequeñas patas. Se acerca con sigilo a su presa mientras esta duerme y le clava los colmillos para chuparle la sangre.', 'https://raw.githubusercontent.com/PokeAPI/sprites/master/sprites/pokemon/other/official-artwork/42.png'),
    (43, 'Oddish', 5.4, 0.5, 'Durante el día, se agazapa en el frío subsuelo huyendo del sol. La luz de la luna le hace crecer.', 'https://raw.githubusercontent.com/PokeAPI/sprites/master/sprites/pokemon/other/official-artwork/43.png'),
    (44, 'Gloom', 8.6, 0.8, 'Lo que parece baba es realmente un néctar muy pegajoso que se adhiere sin remisión al tocarlo.', 'https://raw.githubusercontent.com/PokeAPI/sprites/master/sprites/pokemon/other/official-artwork/44.png'),
    (45, 'Vileplume', 18.6, 1.2, 'Cuanto mayores son sus pétalos, más tóxico es su polen. Le pesa la cabeza y le cuesta mantenerla erguida.', 'https://raw.githubusercontent.com/PokeAPI/sprites/master/sprites/pokemon/other/official-artwork/45.png'),
    (46, 'Paras', 5.4, 0.3, 'Escarba en el suelo para extraer nutrientes de las raíces de los árboles, que las setas del lomo absorben después casi por completo.', 'https://raw.githubusercontent.com/PokeAPI/sprites/master/sprites/pokemon/other/official-artwork/46.png'),
    (47, 'Parasect', 29.5, 1.0, 'Tras largo tiempo absorbiendo la energía del huésped, la seta parásita del lomo es la que parece controlar la voluntad de este Pokémon.', 'https://raw.githubusercontent.com/PokeAPI/sprites/master/sprites/pokemon/other/official-artwork/47.png'),
    (48, 'Venonat', 30.0, 1.0, 'Sus grandes ojos actúan como radares. A plena luz se percibe que son, en realidad, grupos de ojos diminutos.', 'https://raw.githubusercontent.com/PokeAPI/sprites/master/sprites/pokemon/other/official-artwork/48.png'),
    (49, 'Venomoth', 12.5, 1.5, 'Las alas desprenden un polvillo de escamas impregnado de toxinas que se adhiere al contacto y resulta difícil de quitar.', 'https://raw.githubusercontent.com/PokeAPI/sprites/master/sprites/pokemon/other/official-artwork/49.png'),
    (50, 'Diglett', 0.8, 0.2, 'Este Pokémon avanza horadando la tierra a poca profundidad. Resulta fácil localizarlo por los montículos que deja como rastro.', 'https://raw.githubusercontent.com/PokeAPI/sprites/master/sprites/pokemon/other/official-artwork/50.png'),
    (51, 'Dugtrio', 33.3, 0.7, 'Estos trillizos cavan a una profundidad de hasta 100 km. Se desconoce el aspecto de la parte de sus cuerpos que se oculta bajo tierra.', 'https://raw.githubusercontent.com/PokeAPI/sprites/master/sprites/pokemon/other/official-artwork/51.png'),
    (52, 'Meowth', 4.2, 0.4, 'Se lava cuidadosamente la cara para que no se le ensucie la moneda de oro que tiene en la frente. No se lleva nada bien con los Meowth de Galar.', 'https://raw.githubusercontent.com/PokeAPI/sprites/master/sprites/pokemon/other/official-artwork/52.png'),
    (53, 'Persian', 32.0, 1.0, 'Hace gala de un porte elegante y majestuoso. No congenia con los toscos Perrserker y ambos se profesan un mutuo desprecio.', 'https://raw.githubusercontent.com/PokeAPI/sprites/master/sprites/pokemon/other/official-artwork/53.png'),
    (54, 'Psyduck', 19.6, 0.8, 'Sus dolores de cabeza empeoran a medida que aumenta su nivel de estrés. Su increíble poder psíquico puede causar estragos a su alrededor.', 'https://raw.githubusercontent.com/PokeAPI/sprites/master/sprites/pokemon/other/official-artwork/54.png'),
    (55, 'Golduck', 76.6, 1.7, 'Cuenta una antigua leyenda que los Golduck arrastraban a quienes contaminaran sus ríos al fondo de las aguas.', 'https://raw.githubusercontent.com/PokeAPI/sprites/master/sprites/pokemon/other/official-artwork/55.png'),
    (56, 'Mankey', 28.0, 0.5, 'Este ágil Pokémon vive en los árboles. Se enfada con facilidad y, cuando lo hace, se abalanza contra todo lo que se encuentre a su alrededor.', 'https://raw.githubusercontent.com/PokeAPI/sprites/master/sprites/pokemon/other/official-artwork/56.png'),
    (57, 'Primeape', 32.0, 1.0, 'Solo se calma cuando no hay nadie cerca, por lo que llegar a ver ese momento resulta verdaderamente difícil.', 'https://raw.githubusercontent.com/PokeAPI/sprites/master/sprites/pokemon/other/official-artwork/57.png'),
    (58, 'Growlithe', 19.0, 0.7, 'Extremadamente fiel, ladrará furioso a cualquiera que suponga una amenaza para su Entrenador con tal de defenderlo.', 'https://raw.githubusercontent.com/PokeAPI/sprites/master/sprites/pokemon/other/official-artwork/58.png'),
    (59, 'Arcanine', 155.0, 1.9, 'Muchos han quedado cautivados por su belleza desde la antigüedad. Corre ágilmente como si tuviera alas.', 'https://raw.githubusercontent.com/PokeAPI/sprites/master/sprites/pokemon/other/official-artwork/59.png'),
    (60, 'Poliwag', 12.4, 0.6, 'En ríos de aguas bravas, usa sus gruesos labios a modo de ventosa para adherirse a las rocas.', 'https://raw.githubusercontent.com/PokeAPI/sprites/master/sprites/pokemon/other/official-artwork/60.png'),
    (61, 'Poliwhirl', 20.0, 1.0, 'Secreta un sudor viscoso que le sirve para escurrirse y escapar del agarre de sus enemigos.', 'https://raw.githubusercontent.com/PokeAPI/sprites/master/sprites/pokemon/other/official-artwork/61.png'),
    (62, 'Poliwrath', 54.0, 1.3, 'No solo es un experto nadador, sino que también domina las artes marciales. Propina enérgicos puñetazos gracias a sus musculosos brazos.', 'https://raw.githubusercontent.com/PokeAPI/sprites/master/sprites/pokemon/other/official-artwork/62.png'),
    (63, 'Abra', 19.5, 0.9, 'Puede teletransportarse mientras duerme. Se dice que, cuanto más profundo sea su sueño, mayor será la distancia a la que se desplace.', 'https://raw.githubusercontent.com/PokeAPI/sprites/master/sprites/pokemon/other/official-artwork/63.png'),
    (64, 'Kadabra', 56.5, 1.3, 'La potencia de su telequinesis es inmensa. Acumula poder psíquico en la estrella de la frente como preparativo de cara a su evolución.', 'https://raw.githubusercontent.com/PokeAPI/sprites/master/sprites/pokemon/other/official-artwork/64.png'),
    (65, 'Alakazam', 48.0, 1.5, 'Posee unos poderes psíquicos extraordinarios con los que, según se dice, creó las cucharas que lleva en las manos.', 'https://raw.githubusercontent.com/PokeAPI/sprites/master/sprites/pokemon/other/official-artwork/65.png'),
    (66, 'Machop', 19.5, 0.8, 'Siempre rebosante de energía, pasa el tiempo levantando piedras para hacerse aún más fuerte.', 'https://raw.githubusercontent.com/PokeAPI/sprites/master/sprites/pokemon/other/official-artwork/66.png'),
    (67, 'Machoke', 70.5, 1.5, 'Tiene una complexión tan fuerte que nunca se cansa. Suele ayudar a la gente a cargar objetos pesados.', 'https://raw.githubusercontent.com/PokeAPI/sprites/master/sprites/pokemon/other/official-artwork/67.png'),
    (68, 'Machamp', 130.0, 1.6, 'Puede dar varios puñetazos de una sola vez gracias a sus cuatro brazos. Golpea más rápido de lo que piensa.', 'https://raw.githubusercontent.com/PokeAPI/sprites/master/sprites/pokemon/other/official-artwork/68.png'),
    (69, 'Bellsprout', 4.0, 0.7, 'Prefiere lugares cálidos y húmedos. Atrapa pequeños Pokémon insectos con sus lianas para devorarlos.', 'https://raw.githubusercontent.com/PokeAPI/sprites/master/sprites/pokemon/other/official-artwork/69.png'),
    (70, 'Weepinbell', 6.4, 1.0, 'Cuando tiene hambre, engulle a todo lo que se mueve. La pobre presa acaba disuelta en sus ácidos.', 'https://raw.githubusercontent.com/PokeAPI/sprites/master/sprites/pokemon/other/official-artwork/70.png'),
    (71, 'Victreebel', 15.5, 1.7, 'Atrae a su presa con un dulce aroma a miel. Una vez atrapada en la boca, la disuelve en tan solo un día, huesos incluidos.', 'https://raw.githubusercontent.com/PokeAPI/sprites/master/sprites/pokemon/other/official-artwork/71.png'),
    (72, 'Tentacool', 45.5, 0.9, 'Su cuerpo está compuesto casi por completo de agua, por lo que resulta muy difícil distinguirlo cuando está sumergido en el mar.', 'https://raw.githubusercontent.com/PokeAPI/sprites/master/sprites/pokemon/other/official-artwork/72.png'),
    (73, 'Tentacruel', 55.0, 1.6, 'Puede estirar y contraer con total libertad sus 80 tentáculos. Con ellos atrapa a sus presas y les inyecta un veneno debilitante.', 'https://raw.githubusercontent.com/PokeAPI/sprites/master/sprites/pokemon/other/official-artwork/73.png'),
    (74, 'Geodude', 20.0, 0.4, 'Se suele encontrar en senderos de montaña y sitios parecidos. Conviene andar con cuidado para no pisarlo sin querer y provocar su enfado.', 'https://raw.githubusercontent.com/PokeAPI/sprites/master/sprites/pokemon/other/official-artwork/74.png'),
    (75, 'Graveler', 105.0, 1.0, 'Se le suele ver rodando montaña abajo. No evita los obstáculos, sino que los arrolla.', 'https://raw.githubusercontent.com/PokeAPI/sprites/master/sprites/pokemon/other/official-artwork/75.png'),
    (76, 'Golem', 300.0, 1.4, 'Nada más mudar la piel, su cuerpo se vuelve blando y blanquecino, pero se endurece al poco tiempo de entrar en contacto con el aire.', 'https://raw.githubusercontent.com/PokeAPI/sprites/master/sprites/pokemon/other/official-artwork/76.png'),
    (77, 'Ponyta', 30.0, 1.0, 'Por extraño que parezca, una vez que alguien se ha hecho merecedor de su confianza, puede tocarle la ardiente crin sin quemarse.', 'https://raw.githubusercontent.com/PokeAPI/sprites/master/sprites/pokemon/other/official-artwork/77.png'),
    (78, 'Rapidash', 95.0, 1.7, 'El ejemplar más rápido se convierte en el líder de la manada y decide tanto el ritmo de galope como su destino.', 'https://raw.githubusercontent.com/PokeAPI/sprites/master/sprites/pokemon/other/official-artwork/78.png'),
    (79, 'Slowpoke', 36.0, 1.2, 'Hunde la cola en el agua y la usa cual caña de pescar. La sustancia dulce que secreta le sirve de cebo para atraer a sus presas.', 'https://raw.githubusercontent.com/PokeAPI/sprites/master/sprites/pokemon/other/official-artwork/79.png'),
    (80, 'Slowbro', 78.5, 1.6, 'Se volvió bípedo por el impacto que le causó la mordedura del Shellder. Si este se desprende, vuelve a convertirse en un Slowpoke.', 'https://raw.githubusercontent.com/PokeAPI/sprites/master/sprites/pokemon/other/official-artwork/80.png'),
    (81, 'Magnemite', 6.0, 0.3, 'Se nutre de electricidad. Puede flotar en el aire gracias a las ondas electromagnéticas que emite a través de las unidades de sus extremidades.', 'https://raw.githubusercontent.com/PokeAPI/sprites/master/sprites/pokemon/other/official-artwork/81.png'),
    (82, 'Magneton', 60.0, 1.0, 'Emite de forma constante una potente fuerza magnética que causa estragos en prácticamente cualquier ordenador al que se acerque.', 'https://raw.githubusercontent.com/PokeAPI/sprites/master/sprites/pokemon/other/official-artwork/82.png'),
    (83, 'Farfetch’d', 15.0, 0.8, 'Combate empuñando un puerro como arma. La forma de blandirlo es tan variada que ha llegado a generar sus propias escuelas.', 'https://raw.githubusercontent.com/PokeAPI/sprites/master/sprites/pokemon/other/official-artwork/83.png'),
    (84, 'Doduo', 39.2, 1.4, 'Las diminutas alas apenas le permiten volar, pero puede correr a gran velocidad gracias a sus patas hiperdesarrolladas.', 'https://raw.githubusercontent.com/PokeAPI/sprites/master/sprites/pokemon/other/official-artwork/84.png'),
    (85, 'Dodrio', 85.2, 1.8, 'Este Pokémon surge al dividirse una de las cabezas de Doduo. Es capaz de correr por las praderas a 60 km/h.', 'https://raw.githubusercontent.com/PokeAPI/sprites/master/sprites/pokemon/other/official-artwork/85.png'),
    (86, 'Seel', 90.0, 1.1, 'Le encantan los lugares gélidos y disfruta nadando en aguas a temperaturas en torno a los -10 °C.', 'https://raw.githubusercontent.com/PokeAPI/sprites/master/sprites/pokemon/other/official-artwork/86.png'),
    (87, 'Dewgong', 120.0, 1.7, 'Su cuerpo es blanco como la nieve. Puede nadar plácidamente en mares gélidos gracias a su resistencia al frío.', 'https://raw.githubusercontent.com/PokeAPI/sprites/master/sprites/pokemon/other/official-artwork/87.png'),
    (88, 'Grimer', 30.0, 0.9, 'Está hecho de lodo endurecido. Pocos se atreven a tocarlo debido a su pestilencia y composición nociva. Allá por donde pasa no crece la hierba.', 'https://raw.githubusercontent.com/PokeAPI/sprites/master/sprites/pokemon/other/official-artwork/88.png'),
    (89, 'Muk', 30.0, 1.2, 'Huele tan mal que puede provocar desmayos. Su nariz se ha atrofiado de tal manera que ha perdido por completo el sentido del olfato.', 'https://raw.githubusercontent.com/PokeAPI/sprites/master/sprites/pokemon/other/official-artwork/89.png'),
    (90, 'Shellder', 4.0, 0.3, 'La concha lo protege de cualquier tipo de ataque. Solo es vulnerable cuando se abre.', 'https://raw.githubusercontent.com/PokeAPI/sprites/master/sprites/pokemon/other/official-artwork/90.png'),
    (91, 'Cloyster', 132.5, 1.5, 'Una vez que ha cerrado la concha, es imposible abrirla, independientemente de la fuerza que se ejerza.', 'https://raw.githubusercontent.com/PokeAPI/sprites/master/sprites/pokemon/other/official-artwork/91.png'),
    (92, 'Gastly', 0.1, 1.3, 'Con su cuerpo gaseoso puede colarse por donde quiera, aunque con un golpe de viento sale despedido.', 'https://raw.githubusercontent.com/PokeAPI/sprites/master/sprites/pokemon/other/official-artwork/92.png'),
    (93, 'Haunter', 0.1, 1.6, 'Cuando se tiene la sensación de ser observado en la oscuridad sin que haya nadie alrededor, seguro que es porque un Haunter anda cerca.', 'https://raw.githubusercontent.com/PokeAPI/sprites/master/sprites/pokemon/other/official-artwork/93.png'),
    (94, 'Gengar', 40.5, 1.5, 'Dicen que sale de la oscuridad para robarles el alma a los que se pierden por las montañas.', 'https://raw.githubusercontent.com/PokeAPI/sprites/master/sprites/pokemon/other/official-artwork/94.png'),
    (95, 'Onix', 210.0, 8.8, 'Perfora el suelo a una velocidad de 80 km/h girando y retorciendo su robusto y enorme cuerpo.', 'https://raw.githubusercontent.com/PokeAPI/sprites/master/sprites/pokemon/other/official-artwork/95.png'),
    (96, 'Drowzee', 32.4, 1.0, 'Si se duerme siempre en compañía de un Pokémon de esta especie, puede mostrar sueños que haya ingerido con anterioridad.', 'https://raw.githubusercontent.com/PokeAPI/sprites/master/sprites/pokemon/other/official-artwork/96.png'),
    (97, 'Hypno', 75.6, 1.6, 'Conviene evitar el contacto visual en caso de encontrarse con este Pokémon, ya que puede hipnotizar con su péndulo.', 'https://raw.githubusercontent.com/PokeAPI/sprites/master/sprites/pokemon/other/official-artwork/97.png'),
    (98, 'Krabby', 6.5, 0.4, 'Ante el peligro, se camufla con las burbujas que desprende por la boca para parecer más grande.', 'https://raw.githubusercontent.com/PokeAPI/sprites/master/sprites/pokemon/other/official-artwork/98.png'),
    (99, 'Kingler', 60.0, 1.3, 'Su gran pinza posee una potencia devastadora, pero su peso excesivo la convierte en un estorbo fuera del terreno de combate.', 'https://raw.githubusercontent.com/PokeAPI/sprites/master/sprites/pokemon/other/official-artwork/99.png'),
    (100, 'Voltorb', 10.4, 0.5, 'Se dice que se camufla como una Poké Ball. Al más mínimo estímulo se autodestruirá.', 'https://raw.githubusercontent.com/PokeAPI/sprites/master/sprites/pokemon/other/official-artwork/100.png'),
    (101, 'Electrode', 66.6, 1.2, 'Almacena tal cantidad de energía eléctrica en su cuerpo que el más leve impacto puede provocar una gran explosión.', 'https://raw.githubusercontent.com/PokeAPI/sprites/master/sprites/pokemon/other/official-artwork/101.png'),
    (102, 'Exeggcute', 2.5, 0.4, 'Necesita contar con la totalidad de sus seis miembros para mantener la calma. Si desaparece uno siquiera, le entran ganas de salir huyendo.', 'https://raw.githubusercontent.com/PokeAPI/sprites/master/sprites/pokemon/other/official-artwork/102.png'),
    (103, 'Exeggutor', 120.0, 2.0, 'Puede lanzar ataques psíquicos de gran potencia si sus tres cabezas se ponen de acuerdo. Cuando se nubla el cielo, sus movimientos se ralentizan.', 'https://raw.githubusercontent.com/PokeAPI/sprites/master/sprites/pokemon/other/official-artwork/103.png'),
    (104, 'Cubone', 6.5, 0.4, 'Lleva puesto el cráneo de su difunta madre. A veces llora en sueños, pero cada lágrima vertida le hace más fuerte.', 'https://raw.githubusercontent.com/PokeAPI/sprites/master/sprites/pokemon/other/official-artwork/104.png'),
    (105, 'Marowak', 45.0, 1.0, 'Al evolucionar, se ha fusionado con el cráneo de su madre y, además, ha adquirido un carácter agresivo.', 'https://raw.githubusercontent.com/PokeAPI/sprites/master/sprites/pokemon/other/official-artwork/105.png'),
    (106, 'Hitmonlee', 49.8, 1.5, 'Encoge y estira las piernas a su antojo. De hecho, hasta puede propinar una patada a un rival que se encuentre lejos.', 'https://raw.githubusercontent.com/PokeAPI/sprites/master/sprites/pokemon/other/official-artwork/106.png'),
    (107, 'Hitmonchan', 50.2, 1.4, 'Sus puñetazos son capaces incluso de cortar el aire, aunque parece necesitar un descanso tras estar luchando durante 3 min.', 'https://raw.githubusercontent.com/PokeAPI/sprites/master/sprites/pokemon/other/official-artwork/107.png'),
    (108, 'Lickitung', 65.5, 1.2, 'Se nutre principalmente de Pokémon insecto, a los que paraliza primero lamiéndolos con su larga lengua y luego engulle de un bocado.', 'https://raw.githubusercontent.com/PokeAPI/sprites/master/sprites/pokemon/other/official-artwork/108.png'),
    (109, 'Koffing', 1.0, 0.6, 'Se nutre de aire contaminado. Al parecer, antaño eran mucho más numerosos en Galar.', 'https://raw.githubusercontent.com/PokeAPI/sprites/master/sprites/pokemon/other/official-artwork/109.png'),
    (110, 'Weezing', 9.5, 1.2, 'Posee una capacidad de succión inferior a la del Weezing de Galar, pero las toxinas que genera son más potentes.', 'https://raw.githubusercontent.com/PokeAPI/sprites/master/sprites/pokemon/other/official-artwork/110.png'),
    (111, 'Rhyhorn', 115.0, 1.0, 'La cabeza no le da para retener más de una cosa. Si se pone a correr, se le olvida al instante por qué empezó a hacerlo.', 'https://raw.githubusercontent.com/PokeAPI/sprites/master/sprites/pokemon/other/official-artwork/111.png'),
    (112, 'Rhydon', 120.0, 1.9, 'La piel le sirve de escudo protector. Puede vivir en lava líquida a 2000 °C.', 'https://raw.githubusercontent.com/PokeAPI/sprites/master/sprites/pokemon/other/official-artwork/112.png'),
    (113, 'Chansey', 34.6, 1.1, 'Este Pokémon solía ser lento de reflejos, pero ha desarrollado una gran velocidad para evitar que le roben sus preciados huevos.', 'https://raw.githubusercontent.com/PokeAPI/sprites/master/sprites/pokemon/other/official-artwork/113.png'),
    (114, 'Tangela', 35.0, 1.0, 'Sus lianas despiden una fragancia peculiar. En cierta zona de Galar se usan como aderezo.', 'https://raw.githubusercontent.com/PokeAPI/sprites/master/sprites/pokemon/other/official-artwork/114.png'),
    (115, 'Kangaskhan', 80.0, 2.2, 'Se han documentado casos de Kangaskhan sin crías que han adoptado bebés humanos cuyos padres habían sido víctimas de accidentes.', 'https://raw.githubusercontent.com/PokeAPI/sprites/master/sprites/pokemon/other/official-artwork/115.png'),
    (116, 'Horsea', 8.0, 0.4, 'Nada con la gracilidad de un bailarín, creando remolinos a su paso, y juega con sus congéneres a ver quién forma el más grande.', 'https://raw.githubusercontent.com/PokeAPI/sprites/master/sprites/pokemon/other/official-artwork/116.png'),
    (117, 'Seadra', 25.0, 1.2, 'Su estrecho morro posee tal fuerza de succión que es capaz de aspirar presas de mayor tamaño y engullirlas enteras.', 'https://raw.githubusercontent.com/PokeAPI/sprites/master/sprites/pokemon/other/official-artwork/117.png'),
    (118, 'Goldeen', 15.0, 0.6, 'La aleta dorsal y las aletas pectorales están tan desarrolladas que actúan como músculos. Puede nadar a una velocidad de cinco nudos.', 'https://raw.githubusercontent.com/PokeAPI/sprites/master/sprites/pokemon/other/official-artwork/118.png'),
    (119, 'Seaking', 39.0, 1.3, 'Perfora las piedras del lecho del río con su cuerno para hacer un nido y que la corriente no arrastre sus huevos.', 'https://raw.githubusercontent.com/PokeAPI/sprites/master/sprites/pokemon/other/official-artwork/119.png'),
    (120, 'Staryu', 34.5, 0.8, 'No le importa que le mordisqueen el cuerpo los Pokémon pez, ya que las partes desgarradas se regeneran casi al instante.', 'https://raw.githubusercontent.com/PokeAPI/sprites/master/sprites/pokemon/other/official-artwork/120.png'),
    (121, 'Starmie', 80.0, 1.1, 'Starmie absorbe plancton al tiempo que nada por el mar haciendo girar su cuerpo a gran velocidad.', 'https://raw.githubusercontent.com/PokeAPI/sprites/master/sprites/pokemon/other/official-artwork/121.png'),
    (122, 'Mr. Mime', 54.5, 1.3, 'Domina con maestría la pantomima. La barrera generada con las ondas que emite por los dedos le permite protegerse de numerosos ataques.', 'https://raw.githubusercontent.com/PokeAPI/sprites/master/sprites/pokemon/other/official-artwork/122.png'),
    (123, 'Scyther', 56.0, 1.5, 'El territorio de un Scyther se identifica fácilmente por el gran número de árboles talados de forma indiscriminada en una misma zona del bosque.', 'https://raw.githubusercontent.com/PokeAPI/sprites/master/sprites/pokemon/other/official-artwork/123.png'),
    (124, 'Jynx', 40.6, 1.4, 'Los ejemplares que habitan en Galar poseen una voz tan delicada y hermosa que incluso cuentan con su propio grupo de admiradores.', 'https://raw.githubusercontent.com/PokeAPI/sprites/master/sprites/pokemon/other/official-artwork/124.png'),
    (125, 'Electabuzz', 30.0, 1.1, 'Al desatarse una tormenta, se reúnen en torno a los árboles de mayor altura y esperan inmóviles a que caiga algún rayo.', 'https://raw.githubusercontent.com/PokeAPI/sprites/master/sprites/pokemon/other/official-artwork/125.png'),
    (126, 'Magmar', 44.5, 1.3, 'Un Pokémon cuyo cuerpo está siempre envuelto en llamas. Es temido porque se lo considera un causante potencial de incendios.', 'https://raw.githubusercontent.com/PokeAPI/sprites/master/sprites/pokemon/other/official-artwork/126.png'),
    (127, 'Pinsir', 55.0, 1.5, 'Usa la cornamenta a modo de pinza para atrapar a sus presas. Acto seguido, las parte por la mitad o las arroja lejos.', 'https://raw.githubusercontent.com/PokeAPI/sprites/master/sprites/pokemon/other/official-artwork/127.png'),
    (128, 'Tauros', 88.4, 1.4, 'Los Tauros que habitan en la región de Galar son de temperamento irascible y no permiten que los humanos monten en su lomo.', 'https://raw.githubusercontent.com/PokeAPI/sprites/master/sprites/pokemon/other/official-artwork/128.png'),
    (129, 'Magikarp', 10.0, 0.9, 'Este Pokémon débil y patético se limita a dejarse llevar por la corriente cuando esta tiene fuerza.', 'https://raw.githubusercontent.com/PokeAPI/sprites/master/sprites/pokemon/other/official-artwork/129.png'),
    (130, 'Gyarados', 235.0, 6.5, 'Cuando monta en cólera, puede quemarlo todo, incluso en medio de la más violenta tormenta.', 'https://raw.githubusercontent.com/PokeAPI/sprites/master/sprites/pokemon/other/official-artwork/130.png'),
    (131, 'Lapras', 220.0, 2.5, 'Nada sin problema en aguas heladas gracias a la soberbia resistencia al frío que posee. Su tersa piel es ligeramente fría al tacto.', 'https://raw.githubusercontent.com/PokeAPI/sprites/master/sprites/pokemon/other/official-artwork/131.png'),
    (132, 'Ditto', 4.0, 0.3, 'Cuando se encuentra con otro Ditto, se mueve más rápido de lo normal para intentar adoptar su aspecto.', 'https://raw.githubusercontent.com/PokeAPI/sprites/master/sprites/pokemon/other/official-artwork/132.png'),
    (133, 'Eevee', 6.5, 0.3, 'Su irregular estructura genética alberga el secreto de la capacidad que posee este Pokémon tan especial para adoptar evoluciones muy variadas.', 'https://raw.githubusercontent.com/PokeAPI/sprites/master/sprites/pokemon/other/official-artwork/133.png'),
    (134, 'Vaporeon', 29.0, 1.0, 'La composición celular de su cuerpo es tan similar a la estructura molecular del agua que se vuelve invisible al fundirse en ella.', 'https://raw.githubusercontent.com/PokeAPI/sprites/master/sprites/pokemon/other/official-artwork/134.png'),
    (135, 'Jolteon', 24.5, 0.8, 'Acumula iones negativos de la atmósfera para lanzar rayos de 10 000 V de potencia.', 'https://raw.githubusercontent.com/PokeAPI/sprites/master/sprites/pokemon/other/official-artwork/135.png'),
    (136, 'Flareon', 25.0, 0.9, 'Almacena parte del aire que inhala en la saca de fuego de su interior, que llega a calentarse a más de 1700 °C.', 'https://raw.githubusercontent.com/PokeAPI/sprites/master/sprites/pokemon/other/official-artwork/136.png'),
    (137, 'Porygon', 36.5, 0.8, 'Durante los últimos años, ha estado muy activo en el ciberespacio comprobando que no haya datos sospechosos.', 'https://raw.githubusercontent.com/PokeAPI/sprites/master/sprites/pokemon/other/official-artwork/137.png'),
    (138, 'Omanyte', 7.5, 0.4, 'Un Pokémon de la era prehistórica, ahora extinto. Solía nadar moviendo sus diez tentáculos para desplazarse por el agua como si flotara.', 'https://raw.githubusercontent.com/PokeAPI/sprites/master/sprites/pokemon/other/official-artwork/138.png'),
    (139, 'Omastar', 35.0, 1.0, 'Posee unos colmillos afilados con los que puede partir piedras, pero solo ataca a presas que se hallan al alcance de sus tentáculos.', 'https://raw.githubusercontent.com/PokeAPI/sprites/master/sprites/pokemon/other/official-artwork/139.png'),
    (140, 'Kabuto', 11.5, 0.5, 'Se consideraba extinto, pero, al parecer, existen determinadas zonas en las que es posible hallar ejemplares con facilidad.', 'https://raw.githubusercontent.com/PokeAPI/sprites/master/sprites/pokemon/other/official-artwork/140.png'),
    (141, 'Kabutops', 40.5, 1.3, 'Se desconoce el motivo de la extinción de este feroz Pokémon prehistórico que habitaba en los cálidos mares de antaño.', 'https://raw.githubusercontent.com/PokeAPI/sprites/master/sprites/pokemon/other/official-artwork/141.png'),
    (142, 'Aerodactyl', 59.0, 1.8, 'Sus colmillos, afilados como sierras, pueden hacer trizas incluso la piel de Pokémon de tipo Acero.', 'https://raw.githubusercontent.com/PokeAPI/sprites/master/sprites/pokemon/other/official-artwork/142.png'),
    (143, 'Snorlax', 460.0, 2.1, 'Este Pokémon tiene un estómago a prueba de bomba, por lo que es capaz de ingerir incluso comida podrida o mohosa.', 'https://raw.githubusercontent.com/PokeAPI/sprites/master/sprites/pokemon/other/official-artwork/143.png'),
    (144, 'Articuno', 55.4, 1.7, 'Posee el poder de controlar el hielo a su antojo. Se dice que este Pokémon habita en montañas de nieves perpetuas.', 'https://raw.githubusercontent.com/PokeAPI/sprites/master/sprites/pokemon/other/official-artwork/144.png'),
    (145, 'Zapdos', 52.6, 1.6, 'Una de las aves legendarias. Dicen que, cuando este Pokémon frota las alas, cae al instante un relámpago del cielo.', 'https://raw.githubusercontent.com/PokeAPI/sprites/master/sprites/pokemon/other/official-artwork/145.png'),
    (146, 'Moltres', 60.0, 2.0, 'Se cuenta que alguna vez ha iluminado el camino con sus alas flamígeras para rescatar a alguien que se había perdido en la montaña.', 'https://raw.githubusercontent.com/PokeAPI/sprites/master/sprites/pokemon/other/official-artwork/146.png'),
    (147, 'Dratini', 3.3, 1.8, 'Durante mucho tiempo se dudó de su existencia. La pequeña protuberancia de la frente es en realidad un cuerno incipiente.', 'https://raw.githubusercontent.com/PokeAPI/sprites/master/sprites/pokemon/other/official-artwork/147.png'),
    (148, 'Dragonair', 16.5, 4.0, 'Acumula energía en las esferas de la cola para controlar el clima. La sutil aura que lo rodea le confiere un aspecto misterioso y místico.', 'https://raw.githubusercontent.com/PokeAPI/sprites/master/sprites/pokemon/other/official-artwork/148.png'),
    (149, 'Dragonite', 210.0, 2.2, 'Se lo conoce como el Avatar de la Mar. Muchos barcos lucen una talla de Dragonite como mascarón de proa.', 'https://raw.githubusercontent.com/PokeAPI/sprites/master/sprites/pokemon/other/official-artwork/149.png'),
    (150, 'Mewtwo', 122.0, 2.0, 'Su ADN es casi el mismo que el de Mew. Sin embargo, su tamaño y carácter son muy diferentes.', 'https://raw.githubusercontent.com/PokeAPI/sprites/master/sprites/pokemon/other/official-artwork/150.png'),
    (151, 'Mew', 4.0, 0.4, 'Si se observa a través de un microscopio, puede distinguirse cuán corto, fino y delicado es el pelaje de este Pokémon.', 'https://raw.githubusercontent.com/PokeAPI/sprites/master/sprites/pokemon/other/official-artwork/151.png')
; 
SET FOREIGN_KEY_CHECKS=0;

insert into tipo values (1, 'Agua', 2),
 (2, 'Bicho', 1),
 (3, 'Dragon', 2),
 (4, 'Electrico', 2),
 (5, 'Fantasma', 1),
 (6, 'Fuego', 2),
 (7, 'Hielo', 2),
 (8, 'Lucha', 1),
 (9, 'Normal', 1),
 (10, 'Planta', 2),
 (11, 'Psiquico', 2),
 (12, 'Roca', 1),
 (13, 'Tierra', 1),
 (14, 'Veneno', 1),
 (15, 'Volador', 1);

 insert into pokemon_tipo values (1,10),
 (1,14),
 (2,10),
 (2,14),
 (3,10),
 (3,14),
 (4,6),
 (5,6),
 (6,6),
 (6,15),
 (7,1),
 (8,1),
 (9,1),
 (10,2),
 (11,2),
 (12,2),
 (12,15),
 (13,2),
 (13,14),
 (14,2),
 (14,14),
 (15,2),
 (15,14),
 (16,9),
 (16,15),
 (17,9),
 (17,15),
 (18,9),
 (18,15),
 (19,9),
 (20,9),
 (21,9),
 (21,15),
 (22,9),
 (22,15),
 (23,14),
 (24,14),
 (25,4),
 (26,4),
 (27,13),
 (28,13),
 (29,14),
 (30,14),
 (31,14),
 (31,13),
 (32,14),
 (33,14),
 (34,14),
 (34,13),
 (35,9),
 (36,9),
 (37,6),
 (38,6),
 (39,9),
 (40,9),
 (41,14),
 (41,15),
 (42,14),
 (42,15),
 (43,10),
 (43,14),
 (44,10),
 (44,14),
 (45,10),
 (45,14),
 (46,2),
 (46,10),
 (47,2),
 (47,10),
 (48,2),
 (48,14),
 (49,2),
 (49,14),
 (50,13),
 (51,13),
 (52,9),
 (53,9),
 (54,1),
 (55,1),
 (56,8),
 (57,8),
 (58,6),
 (59,6),
 (60,1),
 (61,1),
 (62,1),
 (62,8),
 (63,11),
 (64,12),
 (65,13),
 (66,8),
 (67,8),
 (68,8),
 (69,10),
 (69,14),
 (70,10),
 (70,14),
 (71,10),
 (71,14),
 (72,1),
 (72,14),
 (73,1),
 (73,14),
 (74,12),
 (74,13),
 (75,12),
 (75,13),
 (76,12),
 (76,13),
 (77,6),
 (78,6),
 (79,1),
 (79,11),
 (80,1),
 (80,11),
 (81,4),
 (82,4),
 (83,9),
 (83,15),
 (84,9),
 (84,15),
 (85,9),
 (85,15),
 (86,1),
 (86,7),
 (87,1),
 (87,7),
 (88,14),
 (89,14),
 (90,1),
 (91,1),
 (91,7),
 (92,5),
 (92,14),
 (93,5),
 (93,14),
 (94,5),
 (94,14),
 (95,12),
 (95,13),
 (96,11),
 (97,11),
 (98,1),
 (99,1),
 (100,4),
 (101,4),
 (102,10),
 (102,11),
 (103,10),
 (103,11),
 (104,13),
 (105,13),
 (106,8),
 (107,8),
 (108,9),
 (109,14),
 (110,14),
 (111,12),
 (111,13),
 (112,12),
 (112,13),
 (113,9),
 (114,10),
 (115,9),
 (116,1),
 (117,1),
 (118,1),
 (119,1),
 (120,1),
 (121,1),
 (121,11),
 (122,11),
 (123,2),
 (123,15),
 (124,7),
 (124,11),
 (125,4),
 (126,6),
 (127,2),
 (128,9),
 (129,1),
 (130,1),
 (130,15),
 (131,1),
 (131,7),
 (132,9),
 (133,9),
 (134,1),
 (135,4),
 (136,6),
 (137,9),
 (138,12),
 (138,1),
 (139,1),
 (139,12),
 (140,1),
 (140,12),
 (141,1),
 (141,12),
 (142,12),
 (142,15),
 (143,9),
 (144,7),
 (144,15),
 (145,4),
 (145,15),
 (146,6),
 (146,15),
 (147,3),
 (148,3),
 (149,3),
 (149,15),
 (150,11),
 (151,11);
 /*Estadisticas base*/

 insert into estadisticas_base values (1,45, 49,49,65,45),
 (2,60, 62,63,80,60),
 (3,80, 82,83,100,80),
 (4,39, 52,43,55,65),
 (5,58, 64,58,73,80),
 (6,78, 84,78,97,100),
 (7,44, 48,65,57,43),
 (8,59, 63,80,73,58),
 (9,79, 83,100,95,78),
 (10,45, 30,35,20,45),
 (11,50, 20,55,25,30),
 (12,60, 45,50,80,70),
 (13,40, 35,30,20,50),
 (14,45, 25,50,25,35),
 (15,65, 80,40,63,75),
 (16,40, 45,40,35,56),
 (17,63, 60,55,50,71),
 (18,83, 80,75,70,91),
 (19,30, 56,35,30,72),
 (20,55, 81,60,60,97),
 (21,40, 60,30,31,70),
 (22,65, 90,65,61,100),
 (23,35, 60,44,47,55),
 (24,60, 85,69,65,79),
 (25,35, 55,30,45,90),
 (26,60, 90,55,85,100),
 (27,50, 75,85,25,40),
 (28,75, 100,110,50,65),
 (29,55, 47,52,40,41),
 (30,70, 62,67,55,56),
 (31,90, 82,87,80,76),
 (32,46, 57,40,40,50),
 (33,61, 72,57,55,65),
 (34,81, 82,77,80,85),
 (35,70, 45,48,63,35),
 (36,95, 70,73,87,60),
 (37,38, 41,40,57,65),
 (38,73, 76,75,91,100),
 (39,115, 45,20,30,20),
 (40,140, 70,45,63,45),
 (41,40, 45,35,35,55),
 (42,75, 80,70,70,90),
 (43,45, 50,55,70,30),
 (44,60, 65,70,80,40),
 (45,75, 80,85,95,50),
 (46,35, 70,55,50,25),
 (47,60, 95,80,70,30),
 (48,60, 55,50,47,45),
 (49,70, 65,60,83,90),
 (50,10, 55,25,40,95),
 (51,35, 80,50,60,120),
 (52,40, 45,35,40,90),
 (53,65, 70,60,65,115),
 (54,50, 52,48,57,55),
 (55,80, 82,78,87,85),
 (56,40, 80,35,40,70),
 (57,65, 105,60,65,95),
 (58,55, 70,45,60,60),
 (59,90, 110,80,90,95),
 (60,45, 49,49,65,45),
 (61,65, 65,65,50,90),
 (62,90, 85,95,80,70),
 (63,25, 20,15,80,90),
 (64,40, 35,30,95,105),
 (65,55, 50,45,110,120),
 (66,70, 80,50,35,35),
 (67,80, 100,70,55,45),
 (68,90, 130,80,75,55),
 (69,50, 75,35,50,40),
 (70,65, 90,50,65,40),
 (71,80, 105,65,80,70),
 (72,40, 40,35,75,70),
 (73,80, 70,65,100,100),
 (74,40, 80,100,30,20),
 (75,55, 95,115,45,35),
 (76,80, 110,130,60,45),
 (77,50, 85,55,65,90),
 (78,65, 100,70,80,105),
 (79,90, 65,65,80,15),
 (80,95, 75,110,90,30),
 (81,25, 35,70,75,45),
 (82,50, 60,95,95,70),
 (83,52, 65,55,60,60),
 (85,60, 110,70,60,100),
 (86,65, 45,55,58,45),
 (87,90, 70,80,83,70),
 (88,80, 80,50,45,25),
 (89,105, 105,75,83,50),
 (90,30, 65,100,35,40),
 (91,50, 95,180,65,70),
 (92,30, 35,30,68,80),
 (93,45, 50,45,85,95),
 (94,60, 65,60,103,110),
 (95,35, 45,160,37,70),
 (96,60, 48,45,67,42),
 (97,85, 73,70,94,67),
 (98,30, 105,90,25,50),
 (99,55, 130,115,50,75),
 (100,40, 30,50,55,100),
 (101,60, 50,70,80,140),
 (102,60, 40,80,53,40),
 (103,95, 95,85,95,55),
 (104,50, 50,95,55,35),
 (105,60, 80,110,65,45),
 (106,50, 120,53,73,87),
 (107,50, 105,79,73,76),
 (108,90, 55,75,67,30),
 (109,40, 65,95,53,35),
 (110,65, 90,120,77,60),
 (111,80, 85,95,30,25),
 (112,105, 130,120,45,40),
 (113,250, 5,5,70,50),
 (114,65, 55,115,70,60),
 (115,105, 95,80,60,90),
 (116,30, 40,70,48,60),
 (117,55, 65,95,70,85),
 (118,45, 67,60,43,63),
 (119,80, 92,65,72,68),
 (120,30, 45,55,63,85),
 (121,60, 75,85,93,115),
 (122,40, 45,65,110,90),
 (123,70, 110,80,68,105),
 (124,65, 50,35,105,95),
 (125,65, 83,57,95,105),
 (126,65, 95,57,90,105),
 (127,65, 125,100,63,85),
 (128,75, 100,95,55,110),
 (129,20, 10,55,17,80),
 (130,95, 125,79,80,81),
 (131,130, 85,80,90,60),
 (132,48, 48,48,48,48),
 (133,55, 55,50,55,55),
 (134,130, 65,60,103,65),
 (135,65, 65,60,103,130),
 (136,65, 130,60,103,65),
 (137,65, 60,70,80,40),
 (138,35, 40,100,73,35),
 (139,70, 60,125,93,55),
 (140,30, 80,90,50,55),
 (141,60, 115,105,67,80),
 (142,80, 105,65,67,130),
 (143,160, 110,65,88,30),
 (144,90, 85,100,110,85),
 (145,90, 90,85,83,100),
 (146,90, 100,90,105,90),
 (147,41, 64,45,50,50),
 (148,61, 84,65,70,70),
 (149,91, 134,95,100,80),
 (150,106, 110,90,122,130),
 (151,100, 100,100,100,100);

--  Efectos secundarios 
insert into efecto_secundario values(1, 'Bajar velocidad'),
(2, 'Probabilidad de critico'),
(3, 'Imposibilidad de atacar'),
(4, 'Envenenamiento leve'),
(5, 'Paralizar'),
(6, 'Quemar'),
(7, 'Congelar'),
(8, 'Bajar ataque'),
(9, 'Retroceso'),
(10, 'Confusión'),
(11, 'Bajar especial'),
(12, 'Bajar defensa');


 -- Efectos secundarios movimientos

insert into movimiento_efecto_secundario values(3, 1, 10),
(6, 1, 12.5),
(8, 1, 10),
(11, 3, 100),
(14, 4, 20),
(17, 5, 10),
(19, 5, 10),
(20, 5, 10),
(21, 5, 10),
(23, 5, 30),
(26, 6, 10),
(27, 3, 100),
(28, 6, 10),
(29, 6, 30),
(30, 6, 10),
(33, 7, 10),
(34, 8, 10),
(35, 8, 10),
(36, 8, 10),
(40, 9, 30),
(41, 9, 30),
(65, 2, 12.5),
(81, 9, 30),
(82, 5, 30),
(83, 2, 12.5),
(87, 9, 10),
(95, 9, 10),
(98, 9, 30),
(107, 3, 100),
(117, 6, 20),
(117, 5, 20),
(117, 7, 20),
(124, 2, 12.5),
(141, 10, 10),
(142, 11, 30),
(149, 12, 10),
(152, 11, 10),
(155, 4, 30),
(156, 4, 40),
(158, 4, 30),
(167, 1, 10),
(168, 10, 20);


-- Pokemon aprende movimiento

insert into pokemon_movimiento_forma values(1, 1, 56),
(1, 85, 56),
(1, 122, 57),
(1, 125, 58),
(1, 157, 59),
(1, 124, 60),
(1, 67, 61),
(1, 129, 62),
(1, 128, 63),
(1, 2, 3),
(1, 159, 6),
(1, 82, 8),
(1, 66, 9),
(1, 73, 10),
(1, 79, 20),
(1, 126, 21),
(1, 128, 22),
(1, 94, 31),
(1, 72, 32),
(1, 143, 33),
(1, 118, 34),
(1, 135, 44),
(1, 114, 50),
(1, 64, 51),

(2, 1, 56),
(2, 85, 56),
(2, 122, 56),
(2, 122, 57),
(2, 125, 58),
(2, 157, 64),
(2, 124, 65),
(2, 67, 66),
(2, 129, 67),
(2, 128, 68),
(2, 2, 3),
(2, 159, 6),
(2, 82, 8),
(2, 66, 9),
(2, 73, 10),
(2, 79, 20),
(2, 126, 21),
(2, 128, 22),
(2, 94, 31),
(2, 72, 32),
(2, 143, 33),
(2, 118, 34),
(2, 135, 44),
(2, 114, 50),
(2, 64, 51),

(3, 1, 56),
(3, 85, 56),
(3, 122, 56),
(3, 122, 57),
(3, 125, 56),
(3, 125, 58),
(3, 157, 64),
(3, 124, 65),
(3, 67, 69),
(3, 129, 70),
(3, 128, 71),
(3, 2, 3),
(3, 159, 6),
(3, 82, 8),
(3, 66, 9),
(3, 73, 10),
(3, 88, 15),
(3, 79, 20),
(3, 126, 21),
(3, 128, 22),
(3, 94, 31),
(3, 72, 32),
(3, 143, 33),
(3, 118, 34),
(3, 135, 44),
(3, 114, 50),
(3, 64, 51),

(4, 49, 56),
(4, 85, 56),
(4, 26, 72),
(4, 90, 73),
(4, 79, 64),
(4, 65, 65),
(4, 28, 66),
(4, 27, 67),
(4, 92, 1),
(4, 2, 3),
(4, 91, 5),
(4, 159, 6),
(4, 82, 8),
(4, 66, 9),
(4, 73, 10),
(4, 44, 17),
(4, 37, 18),
(4, 39, 19),
(4, 79, 20),
(4, 16, 23),
(4, 147, 28),
(4, 94, 31),
(4, 72, 32),
(4, 143, 33),
(4, 118, 34),
(4, 29, 38),
(4, 103, 39),
(4, 58, 40),
(4, 135, 44),
(4, 18, 45),
(4, 64, 51),
(4, 78, 54),

(5, 49, 56),
(5, 85, 56),
(5, 26, 56),
(5, 90, 73),
(5, 26, 72),
(5, 65, 75),
(5, 28, 76),
(5, 27, 77),
(5, 92, 1),
(5, 2, 3),
(5, 91, 5),
(5, 159, 6),
(5, 82, 8),
(5, 66, 9),
(5, 73, 10),
(5, 44, 17),
(5, 37, 18),
(5, 39, 19),
(5, 79, 20),
(5, 16, 23),
(5, 147, 28),
(5, 94, 31),
(5, 72, 32),
(5, 143, 33),
(5, 118, 34),
(5, 29, 38),
(5, 103, 39),
(5, 58, 40),
(5, 135, 44),
(5, 114, 50),
(5, 64, 51),
(5, 78, 54),


(6, 49, 56),
(6, 85, 56),
(6, 26, 56),
(6, 90, 56),
(6, 90, 73),
(6, 26, 72),
(6, 79, 74),
(6, 65, 78),
(6, 28, 67),
(6, 27, 70),
(6, 92, 1),
(6, 2, 3),
(6, 91, 5),
(6, 159, 6),
(6, 82, 8),
(6, 66, 9),
(6, 73, 10),
(6, 44, 17),
(6, 37, 18),
(6, 39, 19),
(6, 79, 20),
(6, 16, 23),
(6, 147, 28),
(6, 94, 31),
(6, 72, 32),
(6, 143, 33),
(6, 118, 34),
(6, 29, 38),
(6, 103, 39),
(6, 58, 40),
(6, 135, 44),
(6, 114, 50),
(6, 64, 51),
(6, 78, 54),
(6, 88, 15),
(6, 151, 26),
(6, 148, 27),
(6, 166, 52),

(7, 1, 56),
(7, 89, 56),
(7, 3, 79),
(7, 7, 73),
(7, 95, 64),
(7, 9, 80),
(7, 58, 81),
(7, 5, 76),
(7, 92, 1),
(7, 91, 5),
(7, 82, 8),
(7, 66, 9),
(7, 73, 10),
(7, 8, 11),
(7, 7, 12),
(7, 35, 13),
(7, 36, 14),
(7, 44, 17),
(7, 37, 18),
(7, 39, 19),
(7, 79, 20),
(7, 147, 28),
(7, 94, 31),
(7, 72, 32),
(7, 143, 33),
(7, 118, 34),
(7, 58, 40),
(7, 135, 44),
(7, 114, 50),
(7, 10, 53),
(7, 78, 54),

(8, 1, 56),
(8, 89, 56),
(8, 3, 56),
(8, 3, 79),
(8, 7, 73),
(8, 95, 74),
(8, 9, 82),
(8, 58, 83),
(8, 5, 84),
(8, 92, 1),
(8, 91, 5),
(8, 82, 8),
(8, 66, 9),
(8, 73, 10),
(8, 8, 11),
(8, 7, 12),
(8, 35, 13),
(8, 36, 14),
(8, 44, 17),
(8, 37, 18),
(8, 39, 19),
(8, 79, 20),
(8, 147, 28),
(8, 94, 31),
(8, 72, 32),
(8, 143, 33),
(8, 118, 34),
(8, 58, 40),
(8, 135, 44),
(8, 114, 50),
(8, 10, 53),
(8, 78, 54),

(9, 1, 56),
(9, 89, 56),
(9, 3, 56),
(9, 7, 56),
(9, 3, 79),
(9, 7, 73),
(9, 95, 74),
(9, 9, 82),
(9, 58, 76),
(9, 5, 85),
(9, 92, 1),
(9, 91, 5),
(9, 82, 8),
(9, 66, 9),
(9, 73, 10),
(9, 8, 11),
(9, 7, 12),
(9, 35, 13),
(9, 36, 14),
(9, 44, 17),
(9, 37, 18),
(9, 39, 19),
(9, 79, 20),
(9, 147, 28),
(9, 94, 31),
(9, 72, 32),
(9, 143, 33),
(9, 118, 34),
(9, 58, 40),
(9, 135, 44),
(9, 114, 50),
(9, 10, 53),
(9, 78, 54),
(9, 88, 15),
(9, 151, 26),
(9, 148, 27),

(10, 1, 56),
(10, 13, 56),

(11, 77, 56),

(12, 134, 56),
(12, 134, 78),
(12, 157, 73),
(12, 127, 79),
(12, 129, 80),
(12, 113, 81),
(12, 106, 82),
(12, 141, 83),
(12, 119, 2),
(12, 106, 4),
(12, 159, 6),
(12, 66, 9),
(12, 73, 10),
(12, 88, 15),
(12, 79, 20),
(12, 126, 21),
(12, 128, 22),
(12, 142, 29),
(12, 144, 30),
(12, 94, 31),
(12, 72, 32),
(12, 143, 33),
(12, 118, 34),
(12, 103, 39),
(12, 135, 44),
(12, 140, 46),
(12, 114, 50),
(12, 69, 55),

(13, 155, 56),
(13, 13, 56),

(14, 77, 56),

(15, 52, 56),
(15, 52, 86),
(15, 76, 87),
(15, 14, 59),
(15, 79, 92),
(15, 15, 65),
(15, 130, 81),
(15, 2, 3),
(15, 159, 6),
(15, 66, 9),
(15, 73, 10),
(15, 88, 15),
(15, 79, 20),
(15, 126, 21),
(15, 94, 31),
(15, 72, 32),
(15, 143, 33),
(15, 118, 34),
(15, 103, 39),
(15, 58, 40),
(15, 135, 44),
(15, 114, 50),
(15, 64, 51),

(16, 115, 56),
(16, 51, 93),
(16, 53, 86),
(16, 106, 94),
(16, 161, 80),
(16, 130, 78),
(16, 162, 95),
(16, 119, 2),
(16, 106, 4),
(16, 159, 6),
(16, 66, 9),
(16, 73, 10),
(16, 79, 20),
(16, 94, 31),
(16, 72, 32),
(16, 143, 33),
(16, 118, 34),
(16, 103, 39),
(16, 160, 43),
(16, 135, 44),
(16, 114, 50),
(16, 166, 52),

(17, 115, 56),
(17, 51, 56),
(17, 51, 93),
(17, 53, 86),
(17, 106, 89),
(17, 161, 82),
(17, 130, 96),
(17, 162, 97),
(17, 119, 2),
(17, 106, 4),
(17, 159, 6),
(17, 66, 9),
(17, 73, 10),
(17, 79, 20),
(17, 94, 31),
(17, 72, 32),
(17, 143, 33),
(17, 118, 34),
(17, 103, 39),
(17, 160, 43),
(17, 135, 44),
(17, 114, 50),
(17, 166, 52),

(18, 115, 56),
(18, 51, 56),
(18, 53, 56),
(18, 53, 86),
(18, 51, 93),
(18, 106, 89),
(18, 161, 82),
(18, 130, 95),
(18, 162, 68),
(18, 119, 2),
(18, 106, 4),
(18, 159, 6),
(18, 66, 9),
(18, 73, 10),
(18, 88, 15),
(18, 79, 20),
(18, 94, 31),
(18, 72, 32),
(18, 143, 33),
(18, 118, 34),
(18, 103, 39),
(18, 160, 43),
(18, 135, 44),
(18, 114, 50),
(18, 166, 52),


(19, 1, 56),
(19, 89, 56),
(19, 53, 57),
(19, 87, 98),
(19, 76, 99),
(19, 112, 61),
(19, 159, 6),
(19, 82, 8),
(19, 66, 9),
(19, 73, 10),
(19, 8, 11),
(19, 7, 12),
(19, 36, 14),
(19, 79, 20),
(19, 20, 24),
(19, 21, 25),
(19, 147, 28),
(19, 94, 31),
(19, 72, 32),
(19, 118, 34),
(19, 103, 34),
(19, 103, 39),
(19, 58, 40),
(19, 135, 44),
(19, 114, 50),

(20, 1, 56),
(20, 89, 56),
(20, 53, 56),
(20, 53, 57),
(20, 87, 98),
(20, 76, 60),
(20, 112, 62),
(20, 35, 13),
(20, 159, 6),
(20, 82, 8),
(20, 66, 9),
(20, 73, 10),
(20, 8, 11),
(20, 7, 12),
(20, 36, 14),
(20, 79, 20),
(20, 20, 24),
(20, 21, 25),
(20, 147, 28),
(20, 94, 31),
(20, 72, 32),
(20, 118, 34),
(20, 103, 34),
(20, 103, 39),
(20, 58, 40),
(20, 135, 44),
(20, 114, 50),
(20, 88, 15),

(21, 165, 56),
(21, 85, 56),
(21, 90, 72),
(21, 52, 73),
(21, 162, 64),
(21, 164, 100),
(21, 130, 78),
(21, 119, 2),
(21, 106, 4),
(21, 159, 6),
(21, 66, 9),
(21, 73, 10),
(21, 79, 20),
(21, 94, 31),
(21, 72, 32),
(21, 118, 34),
(21, 103, 39),
(21, 160, 43),
(21, 135, 44),
(21, 114, 50),
(21, 166, 52),

(22, 165, 56),
(22, 85, 56),
(22, 90, 56),
(22, 90, 72),
(22, 52, 73),
(22, 162, 92),
(22, 164, 61),
(22, 130, 69),
(22, 119, 2),
(22, 106, 4),
(22, 159, 6),
(22, 66, 9),
(22, 73, 10),
(22, 88, 15),
(22, 79, 20),
(22, 94, 31),
(22, 72, 32),
(22, 118, 34),
(22, 103, 39),
(22, 160, 43),
(22, 135, 44),
(22, 114, 50),
(22, 166, 52),

(23, 107, 56),
(23, 90, 56),
(23, 155, 101),
(23, 95, 88),
(23, 68, 74),
(23, 60, 82),
(23, 152, 66),
(23, 159, 6),
(23, 82, 8),
(23, 66, 9),
(23, 73, 10),
(23, 79, 20),
(23, 126, 21),
(23, 151, 26),
(23, 148, 27),
(23, 94, 31),
(23, 72, 32),
(23, 118, 34),
(23, 58, 40),
(23, 135, 44),
(23, 145, 48),
(23, 114, 50),
(23, 78, 54),

(24, 107, 56),
(24, 90, 56),
(24, 155, 56),
(24, 155, 101),
(24, 95, 88),
(24, 68, 60),
(24, 60, 78),
(24, 152, 84),
(24, 159, 6),
(24, 82, 8),
(24, 66, 9),
(24, 73, 10),
(24, 88, 15),
(24, 79, 20),
(24, 126, 21),
(24, 151, 26),
(24, 148, 27),
(24, 94, 31),
(24, 72, 32),
(24, 118, 34),
(24, 58, 40),
(24, 135, 44),
(24, 145, 48),
(24, 114, 50),
(24, 78, 54),

(25, 17, 56),
(25, 89, 56),
(25, 18, 72),
(25, 53, 87),
(25, 103, 90),
(25, 130, 75),
(25, 21, 69),
(25, 92, 1),
(25, 91, 5),
(25, 159, 6),
(25, 82, 8),
(25, 66, 9),
(25, 73, 10),
(25, 71, 16),
(25, 44, 17),
(25, 39, 19),
(25, 79, 20),
(25, 20, 24),
(25, 21, 25),
(25, 94, 31),
(25, 72, 32),
(25, 143, 33),
(25, 118, 34),
(25, 103, 39),
(25, 58, 40),
(25, 135, 44),
(25, 18, 45),
(25, 114, 50),
(25, 69, 55),

(26, 17, 56),
(26, 89, 56),
(26, 18, 56),
(26, 92, 1),
(26, 91, 5),
(26, 159, 6),
(26, 82, 8),
(26, 66, 9),
(26, 73, 10),
(26, 88, 15),
(26, 71, 16),
(26, 44, 17),
(26, 39, 19),
(26, 79, 20),
(26, 20, 24),
(26, 21, 25),
(26, 94, 31),
(26, 72, 32),
(26, 143, 33),
(26, 118, 34),
(26, 103, 39),
(26, 58, 40),
(26, 135, 44),
(26, 18, 45),
(26, 114, 50),
(26, 69, 55),

(27, 49, 56),
(27, 51, 101),
(27, 65, 88),
(27, 155, 74),
(27, 103, 82),
(27, 84, 66),
(27, 2, 3),
(27, 159, 6),
(27, 82, 8),
(27, 66, 9),
(27, 73, 10),
(27, 44, 17),
(27, 39, 19),
(27, 79, 20),
(27, 151, 26),
(27, 148, 27),
(27, 147, 28),
(27, 94, 31),
(27, 72, 32),
(27, 118, 34),
(27, 103, 39),
(27, 58, 40),
(27, 135, 44),
(27, 145, 48),
(27, 114, 50),
(27, 78, 54),
(27, 64, 51),

(28, 49, 56),
(28, 51, 56),
(28, 51, 101),
(28, 65, 88),
(28, 155, 60),
(28, 103, 78),
(28, 84, 84),
(28, 2, 3),
(28, 159, 6),
(28, 82, 8),
(28, 66, 9),
(28, 73, 10),
(28, 88, 15),
(28, 44, 17),
(28, 39, 19),
(28, 79, 20),
(28, 151, 26),
(28, 148, 27),
(28, 147, 28),
(28, 94, 31),
(28, 72, 32),
(28, 118, 34),
(28, 103, 39),
(28, 58, 40),
(28, 135, 44),
(28, 145, 48),
(28, 114, 50),
(28, 78, 54),
(28, 64, 51),

(29, 85, 56),
(29, 1, 56),
(29, 49, 79),
(29, 155, 98),
(29, 89, 89),
(29, 95, 100),
(29, 84, 78),
(29, 38, 69),
(29, 159, 6),
(29, 82, 8),
(29, 66, 9),
(29, 73, 10),
(29, 36, 14),
(29, 79, 20),
(29, 20, 24),
(29, 21, 25),
(29, 94, 31),
(29, 72, 32),
(29, 143, 33),
(29, 118, 34),
(29, 58, 40),
(29, 135, 44),
(29, 114, 50),
(30, 85, 56),
(30, 49, 56),
(30, 1, 56),
(30, 49, 79),
(30, 155, 98),
(30, 89, 99),
(30, 95, 91),
(30, 84, 62),
(30, 38, 102),

(30, 159, 6),
(30, 97, 7),
(30, 82, 8),
(30, 66, 9),
(30, 73, 10),
(30, 8, 11),
(30, 7, 12),
(30, 35, 13),
(30, 36, 14),
(30, 79, 20),
(30, 20, 24),
(30, 21, 25),
(30, 94, 31),
(30, 72, 32),
(30, 143, 33),
(30, 118, 34),
(30, 58, 40),
(30, 135, 44),
(30, 114, 50),

(31, 1, 56),
(31, 49, 56),
(31, 89, 56),
(31, 82, 56),
(31, 155, 98),
(31, 82, 99),
(31, 92, 1),
(31, 91, 5),
(31, 159, 6),
(31, 97, 7),
(31, 82, 8),
(31, 66, 9),
(31, 73, 10),
(31, 8, 11),
(31, 7, 12),
(31, 35, 13),
(31, 36, 14),
(31, 88, 15),
(31, 71, 16),
(31, 44, 17),
(31, 37, 18),
(31, 39, 19),
(31, 79, 20),
(31, 20, 24),
(31, 21, 25),
(31, 151, 26),
(31, 148, 27),
(31, 94, 31),
(31, 72, 32),
(31, 143, 33),
(31, 118, 34),
(31, 29, 38),
(31, 58, 40),
(31, 135, 44),
(31, 145, 48),
(31, 114, 50),
(31, 10, 53),
(31, 78, 54),

(32, 1, 56),
(32, 90, 56),
(32, 63, 79),
(32, 155, 98),
(32, 76, 89),
(32, 52, 100),
(32, 97, 78),
(32, 38, 69),
(32, 159, 6),
(32, 97, 7),
(32, 82, 8),
(32, 66, 9),
(32, 73, 10),
(32, 36, 14),
(32, 79, 20),
(32, 20, 24),
(32, 21, 25),
(32, 94, 31),
(32, 72, 32),
(32, 143, 33),
(32, 118, 34),
(32, 58, 40),
(32, 135, 44),
(32, 114, 50),

(33, 90, 56),
(33, 1, 56),
(33, 63, 56),
(33, 63, 79),
(33, 155, 98),
(33, 76, 99),
(33, 52, 91),
(33, 97, 62),
(33, 38, 102),
(33, 159, 6),
(33, 97, 7),
(33, 82, 8),
(33, 66, 9),
(33, 73, 10),
(33, 8, 11),
(33, 7, 12),
(33, 35, 13),
(33, 36, 14),
(33, 79, 20),
(33, 20, 24),
(33, 21, 25),
(33, 94, 31),
(33, 72, 32),
(33, 143, 33),
(33, 118, 34),
(33, 58, 40),
(33, 135, 44),
(33, 114, 50),

(34, 1, 56),
(34, 63, 56),
(34, 155, 56),
(34, 80, 56),
(34, 80, 99),
(34, 63, 79),
(34, 155, 98),

(34, 92, 1),
(34, 91, 5),
(34, 159, 6),
(34, 97, 7),
(34, 82, 8),
(34, 66, 9),
(34, 73, 10),
(34, 8, 11),
(34, 7, 12),
(34, 35, 13),
(34, 36, 14),
(34, 88, 15),
(34, 71, 16),
(34, 44, 17),
(34, 37, 18),
(34, 39, 19),
(34, 79, 20),
(34, 20, 24),
(34, 21, 25),
(34, 151, 26),
(34, 148, 27),
(34, 94, 31),
(34, 72, 32),
(34, 143, 33),
(34, 118, 34),
(34, 29, 38),
(34, 58, 40),
(34, 135, 44),
(34, 145, 48),
(34, 114, 50),
(34, 10, 53),
(34, 78, 54),

(35, 70, 56),
(35, 85, 56),
(35, 59, 58),
(35, 74, 106),
(35, 105, 74),
(35, 93, 82),
(35, 109, 83),
(35, 139, 63),
(35, 92, 1),
(35, 91, 5),
(35, 159, 6),
(35, 82, 8),
(35, 66, 9),
(35, 73, 10),
(35, 8, 11),
(35, 7, 12),
(35, 35, 13),
(35, 36, 14),
(35, 44, 17),
(35, 37, 18),
(35, 39, 19),
(35, 79, 20),
(35, 128, 22),
(35, 20, 24),
(35, 21, 25),
(35, 142, 29),
(35, 144, 30),
(35, 94, 31),
(35, 72, 32),
(35, 143, 33),
(35, 118, 34),
(35, 93, 35),
(35, 29, 38),
(35, 58, 40),
(35, 18, 45),
(35, 140, 46),
(35, 117, 49),
(35, 114, 50),
(35, 78, 54),
(35, 69, 55),
(36, 59, 56),
(36, 74, 56),
(36, 105, 56),
(36, 93, 56),

(36, 92, 1),
(36, 91, 5),
(36, 159, 6),
(36, 82, 8),
(36, 66, 9),
(36, 73, 10),
(36, 8, 11),
(36, 7, 12),
(36, 35, 13),
(36, 36, 14),
(36, 88, 15),
(36, 44, 17),
(36, 37, 18),
(36, 39, 19),
(36, 79, 20),
(36, 128, 22),
(36, 20, 24),
(36, 21, 25),
(36, 142, 29),
(36, 144, 30),
(36, 94, 31),
(36, 72, 32),
(36, 143, 33),
(36, 118, 34),
(36, 93, 35),
(36, 29, 38),
(36, 58, 40),
(36, 18, 45),
(36, 140, 46),
(36, 117, 49),
(36, 114, 50),
(36, 78, 54),
(36, 69, 55),

(37, 26, 56),
(37, 89, 56),
(37, 53, 87),
(37, 110, 89),
(37, 24, 80),
(37, 28, 81),
(37, 27, 76),
(37, 159, 6),
(37, 82, 8),
(37, 66, 9),
(37, 73, 10),
(37, 79, 20),
(37, 147, 28),
(37, 94, 31),
(37, 72, 32),
(37, 143, 33),
(37, 118, 34),
(37, 29, 38),
(37, 103, 39),
(37, 58, 40),
(37, 135, 44),
(37, 114, 50),

(38, 26, 56),
(38, 89, 56),
(38, 53, 56),
(38, 110, 56),
(38, 159, 6),
(38, 82, 8),
(38, 66, 9),
(38, 73, 10),
(38, 88, 15),
(38, 79, 20),
(38, 147, 28),
(38, 94, 31),
(38, 72, 32),
(38, 143, 33),
(38, 118, 34),
(38, 29, 38),
(38, 103, 39),
(38, 58, 40),
(38, 135, 44),
(38, 114, 50),

(39, 59, 56),
(39, 70, 72),
(39, 48, 98),
(39, 109, 94),
(39, 74, 74),
(39, 135, 100),
(39, 82, 61),
(39, 73, 83),
(39, 92, 1),
(39, 91, 5),
(39, 159, 6),
(39, 82, 8),
(39, 66, 9),
(39, 73, 10),
(39, 8, 11),
(39, 7, 12),
(39, 35, 13),
(39, 36, 14),
(39, 44, 17),
(39, 37, 18),
(39, 39, 19),
(39, 79, 20),
(39, 128, 22),
(39, 20, 24),
(39, 21, 25),
(39, 142, 29),
(39, 144, 30),
(39, 94, 31),
(39, 72, 32),
(39, 143, 33),
(39, 118, 34),
(39, 29, 38),
(39, 58, 40),
(39, 135, 44),
(39, 18, 45),
(39, 140, 46),
(39, 117, 49),
(39, 114, 50),
(39, 78, 54),
(39, 69, 55),

(40, 59, 56),
(40, 48, 56),
(40, 109, 56),
(40, 74, 56),
(40, 88, 15),
(40, 92, 1),
(40, 91, 5),
(40, 159, 6),
(40, 82, 8),
(40, 66, 9),
(40, 73, 10),
(40, 8, 11),
(40, 7, 12),
(40, 35, 13),
(40, 36, 14),
(40, 44, 17),
(40, 37, 18),
(40, 39, 19),
(40, 79, 20),
(40, 128, 22),
(40, 20, 24),
(40, 21, 25),
(40, 142, 29),
(40, 144, 30),
(40, 94, 31),
(40, 72, 32),
(40, 143, 33),
(40, 118, 34),
(40, 29, 38),
(40, 58, 40),
(40, 135, 44),
(40, 18, 45),
(40, 140, 46),
(40, 117, 49),
(40, 114, 50),
(40, 78, 54),
(40, 69, 55),

(41, 12, 56),
(41, 113, 101),
(41, 95, 73),
(41, 24, 89),
(41, 161, 80),
(41, 32, 78),
(41, 119, 2),
(41, 106, 4),
(41, 159, 6),
(41, 66, 9),
(41, 73, 10),
(41, 79, 20),
(41, 126, 21),
(41, 94, 31),
(41, 72, 32),
(41, 118, 34),
(41, 103, 39),
(41, 135, 44),
(41, 114, 50),

(42, 60, 56),
(42, 12, 56),
(42, 113, 56),
(42, 95, 73),
(42, 24, 89),
(42, 161, 91),
(42, 32, 69),
(42, 119, 2),
(42, 106, 4),
(42, 159, 6),
(42, 66, 9),
(42, 73, 10),
(42, 88, 15),
(42, 79, 20),
(42, 126, 21),
(42, 94, 31),
(42, 72, 32),
(42, 118, 34),
(42, 103, 39),
(42, 135, 44),
(42, 114, 50),

(43, 120, 56),
(43, 157, 73),
(43, 127, 88),
(43, 129, 94),
(43, 152, 74),
(43, 121, 75),
(43, 128, 67),
(43, 2, 3),
(43, 159, 6),
(43, 66, 9),
(43, 73, 10),
(43, 79, 20),
(43, 126, 21),
(43, 128, 22),
(43, 94, 31),
(43, 72, 32),
(43, 143, 33),
(43, 118, 34),
(43, 135, 44),
(43, 114, 50),
(43, 64, 51),

(44, 120, 56),
(44, 157, 56),
(44, 127, 56),
(44, 157, 73),
(44, 127, 88),
(44, 152, 80),
(44, 121, 66),
(44, 128, 85),
(44, 2, 3),
(44, 159, 6),
(44, 66, 9),
(44, 73, 10),
(44, 79, 20),
(44, 126, 21),
(44, 128, 22),
(44, 94, 31),
(44, 72, 32),
(44, 143, 33),
(44, 118, 34),
(44, 135, 44),
(44, 114, 50),
(44, 64, 51),

(45, 127, 56),
(45, 129, 56),
(45, 152, 56),
(45, 121, 56),
(45, 157, 73),
(45, 127, 88),
(45, 129, 94),
(45, 2, 3),
(45, 159, 6),
(45, 66, 9),
(45, 73, 10),
(45, 88, 15),
(45, 79, 20),
(45, 126, 21),
(45, 128, 22),
(45, 94, 31),
(45, 72, 32),
(45, 143, 33),
(45, 118, 34),
(45, 135, 44),
(45, 114, 50),
(45, 64, 51),



(46, 49, 56),
(46, 127, 58),
(46, 12, 59),
(46, 123, 60),
(46, 65, 61),
(46, 67, 62),
(46, 2, 3),
(46, 159, 6),
(46, 82, 8),
(46, 66, 9),
(46, 73, 10),
(46, 79, 20),
(46, 126, 21),
(46, 128, 22),
(46, 147, 28),
(46, 94, 31),
(46, 72, 32),
(46, 143, 33),
(46, 118, 34),
(46, 58, 40),
(46, 135, 44),
(46, 114, 50),
(46, 64, 51),

(47, 49, 56),
(47, 127, 56),
(47, 12, 56),
(47, 127, 58),
(47, 12, 59),
(47, 123, 65),
(47, 65, 83),
(47, 67, 63),
(47, 2, 3),
(47, 159, 6),
(47, 82, 8),
(47, 66, 9),
(47, 73, 10),
(47, 88, 15),
(47, 79, 20),
(47, 126, 21),
(47, 128, 22),
(47, 147, 28),
(47, 94, 31),
(47, 72, 32),
(47, 143, 33),
(47, 118, 34),
(47, 58, 40),
(47, 135, 44),
(47, 114, 50),
(47, 64, 51),

(48, 1, 56),
(48, 48, 56),
(48, 157, 74),
(48, 12, 60),
(48, 127, 65),
(48, 141, 81),
(48, 129, 66),
(48, 142, 69),
(48, 159, 6),
(48, 66, 9),
(48, 73, 10),
(48, 79, 20),
(48, 126, 21),
(48, 128, 22),
(48, 142, 29),
(48, 94, 31),
(48, 72, 32),
(48, 143, 33),
(48, 118, 34),
(48, 135, 44),
(48, 140, 46),
(48, 114, 50),
(48, 69, 55),

(49, 1, 56),
(49, 48, 56),
(49, 157, 56),
(49, 12, 56),
(49, 157, 74),
(49, 12, 60),
(49, 127, 65),
(49, 141, 66),
(49, 129, 69),
(49, 142, 102),
(49, 119, 2),
(49, 106, 4),
(49, 88, 15),
(49, 144, 30),
(49, 103, 39),
(49, 159, 6),
(49, 66, 9),
(49, 73, 10),
(49, 79, 20),
(49, 126, 21),
(49, 128, 22),
(49, 142, 29),
(49, 94, 31),
(49, 72, 32),
(49, 143, 33),
(49, 118, 34),
(49, 135, 44),
(49, 140, 46),
(49, 114, 50),
(49, 69, 55),

(50, 49, 56),
(50, 85, 73),
(50, 147, 94),
(50, 51, 74),
(50, 65, 82),
(50, 151, 96),
(50, 159, 6),
(50, 82, 8),
(50, 66, 9),
(50, 73, 10),
(50, 79, 20),
(50, 151, 26),
(50, 148, 27),
(50, 147, 28),
(50, 94, 31),
(50, 72, 32),
(50, 118, 34),
(50, 135, 44),
(50, 145, 48),
(50, 114, 50),
(50, 64, 51),

(51, 49, 56),
(51, 85, 56),
(51, 147, 56),
(51, 85, 73),
(51, 147, 94),
(51, 51, 74),
(51, 65, 81),
(51, 151, 84),
(51, 159, 6),
(51, 82, 8),
(51, 66, 9),
(51, 73, 10),
(51, 88, 15),
(51, 79, 20),
(51, 151, 26),
(51, 148, 27),
(51, 147, 28),
(51, 94, 31),
(51, 72, 32),
(51, 118, 34),
(51, 135, 44),
(51, 145, 48),
(51, 114, 50),
(51, 64, 51),

(52, 49, 56),
(52, 85, 56),
(52, 95, 86),
(52, 71, 88),
(52, 60, 74),
(52, 84, 75),
(52, 65, 95),
(52, 159, 6),
(52, 82, 8),
(52, 66, 9),
(52, 73, 10),
(52, 8, 11),
(52, 7, 12),
(52, 71, 16),
(52, 79, 20),
(52, 20, 24),
(52, 21, 25),
(52, 94, 31),
(52, 72, 32),
(52, 118, 34),
(52, 103, 39),
(52, 58, 40),
(52, 135, 44),
(52, 114, 50),

(53, 49, 56),
(53, 85, 56),
(53, 95, 56),
(53, 95, 86),
(53, 71, 88),
(53, 60, 74),
(53, 84, 103),
(53, 65, 104),
(53, 159, 6),
(53, 82, 8),
(53, 66, 9),
(53, 73, 10),
(53, 8, 11),
(53, 7, 12),
(53, 88, 15),
(53, 71, 16),
(53, 79, 20),
(53, 20, 24),
(53, 21, 25),
(53, 94, 31),
(53, 72, 32),
(53, 118, 34),
(53, 103, 39),
(53, 58, 40),
(53, 135, 44),
(53, 114, 50),

(54, 49, 56),
(54, 89, 80),
(54, 48, 82),
(54, 134, 78),
(54, 84, 69),
(54, 5, 85),
(54, 92, 1),
(54, 91, 5),
(54, 159, 6),
(54, 82, 8),
(54, 66, 9),
(54, 73, 10),
(54, 8, 11),
(54, 7, 12),
(54, 35, 13),
(54, 36, 14),
(54, 71, 16),
(54, 44, 17),
(54, 37, 18),
(54, 39, 19),
(54, 79, 20),
(54, 147, 28),
(54, 94, 31),
(54, 72, 32),
(54, 118, 34),
(54, 103, 39),
(54, 58, 40),
(54, 135, 44),
(54, 114, 50),
(54, 10, 53),
(54, 78, 54),

(55, 49, 56),
(55, 89, 56),
(55, 48, 56),
(55, 89, 80),
(55, 48, 82),
(55, 134, 83),
(55, 84, 63),
(55, 5, 105),
(55, 92, 1),
(55, 91, 5),
(55, 159, 6),
(55, 82, 8),
(55, 66, 9),
(55, 73, 10),
(55, 8, 11),
(55, 7, 12),
(55, 35, 13),
(55, 36, 14),
(55, 88, 15),
(55, 71, 16),
(55, 44, 17),
(55, 37, 18),
(55, 39, 19),
(55, 79, 20),
(55, 147, 28),
(55, 94, 31),
(55, 72, 32),
(55, 118, 34),
(55, 103, 39),
(55, 58, 40),
(55, 135, 44),
(55, 114, 50),
(55, 10, 53),
(55, 78, 54),

(56, 49, 56),
(56, 90, 56),
(56, 83, 73),
(56, 84, 89),
(56, 76, 60),
(56, 39, 75),
(56, 80, 83),
(56, 92, 1),
(56, 91, 5),
(56, 159, 6),
(56, 82, 8),
(56, 66, 9),
(56, 73, 10),
(56, 71, 16),
(56, 44, 17),
(56, 37, 18),
(56, 39, 19),
(56, 79, 20),
(56, 20, 24),
(56, 21, 25),
(56, 147, 28),
(56, 94, 31),
(56, 72, 32),
(56, 118, 34),
(56, 93, 35),
(56, 103, 39),
(56, 58, 40),
(56, 135, 44),
(56, 145, 48),
(56, 114, 50),
(56, 78, 54),

(57, 49, 56),
(57, 90, 56),
(57, 83, 56),
(57, 84, 56),
(57, 83, 73),
(57, 84, 89),
(57, 76, 60),
(57, 39, 103),
(57, 80, 67),
(57, 92, 1),
(57, 91, 5),
(57, 159, 6),
(57, 82, 8),
(57, 66, 9),
(57, 73, 10),
(57, 88, 15),
(57, 71, 16),
(57, 44, 17),
(57, 37, 18),
(57, 39, 19),
(57, 79, 20),
(57, 20, 24),
(57, 21, 25),
(57, 147, 28),
(57, 94, 31),
(57, 72, 32),
(57, 118, 34),
(57, 93, 35),
(57, 103, 39),
(57, 58, 40),
(57, 135, 44),
(57, 145, 48),
(57, 114, 50),
(57, 78, 54),

(58, 95, 56),
(58, 110, 56),
(58, 26, 106),
(58, 90, 99),
(58, 66, 65),
(58, 130, 83),
(58, 28, 102),
(58, 159, 6),
(58, 82, 8),
(58, 66, 9),
(58, 73, 10),
(58, 79, 20),
(58, 16, 23),
(58, 147, 28),
(58, 94, 31),
(58, 72, 32),
(58, 143, 33),
(58, 118, 34),
(58, 29, 38),
(58, 103, 39),
(58, 58, 40),
(58, 135, 44),
(58, 114, 50),

(59, 110, 56),
(59, 26, 56),
(59, 90, 56),
(59, 66, 56),
(59, 159, 6),
(59, 82, 8),
(59, 66, 9),
(59, 73, 10),
(59, 88, 15),
(59, 79, 20),
(59, 16, 23),
(59, 147, 28),
(59, 94, 31),
(59, 72, 32),
(59, 143, 33),
(59, 118, 34),
(59, 29, 38),
(59, 103, 39),
(59, 58, 40),
(59, 135, 44),
(59, 114, 50),

(60, 3, 56),
(60, 136, 87),
(60, 7, 94),
(60, 74, 92),
(60, 82, 82),
(60, 131, 66),
(60, 5, 107),
(60, 159, 6),
(60, 82, 8),
(60, 66, 9),
(60, 73, 10),
(60, 8, 11),
(60, 7, 12),
(60, 35, 13),
(60, 36, 14),
(60, 79, 20),
(60, 142, 29),
(60, 94, 31),
(60, 72, 32),
(60, 118, 34),
(60, 58, 40),
(60, 135, 44),
(60, 140, 46),
(60, 114, 50),
(60, 10, 53),

(61, 3, 56),
(61, 136, 56),
(61, 7, 56),
(61, 7, 94),
(61, 136, 87),
(61, 74, 90),
(61, 82, 75),
(61, 131, 62),
(61, 5, 97),
(61, 92, 1),
(61, 91, 5),
(61, 159, 6),
(61, 82, 8),
(61, 66, 9),
(61, 73, 10),
(61, 8, 11),
(61, 7, 12),
(61, 35, 13),
(61, 36, 14),
(61, 44, 17),
(61, 37, 18),
(61, 39, 19),
(61, 79, 20),
(61, 151, 26),
(61, 148, 27),
(61, 142, 29),
(61, 94, 31),
(61, 72, 32),
(61, 118, 34),
(61, 93, 35),
(61, 58, 40),
(61, 135, 44),
(61, 140, 46),
(61, 114, 50),
(61, 10, 53),

(62, 136, 56),
(62, 7, 56),
(62, 74, 56),
(62, 82, 56),
(62, 136, 87),
(62, 7, 94),
(62, 92, 1),
(62, 91, 5),
(62, 159, 6),
(62, 82, 8),
(62, 66, 9),
(62, 73, 10),
(62, 8, 11),
(62, 7, 12),
(62, 35, 13),
(62, 36, 14),
(62, 88, 15),
(62, 44, 17),
(62, 37, 18),
(62, 39, 19),
(62, 79, 20),
(62, 151, 26),
(62, 148, 27),
(62, 142, 29),
(62, 94, 31),
(62, 72, 32),
(62, 118, 34),
(62, 93, 35),
(62, 58, 40),
(62, 135, 44),
(62, 140, 46),
(62, 114, 50),
(62, 10, 53),
(62, 78, 54),

(63, 144, 56),
(63, 92, 1),
(63, 91, 5),
(63, 159, 6),
(63, 82, 8),
(63, 66, 9),
(63, 73, 10),
(63, 44, 17),
(63, 37, 18),
(63, 39, 19),
(63, 79, 20),
(63, 142, 29),
(63, 144, 30),
(63, 94, 31),
(63, 72, 32),
(63, 143, 33),
(63, 118, 34),
(63, 93, 35),
(63, 58, 40),
(63, 135, 44),
(63, 140, 46),
(63, 117, 49),
(63, 114, 50),
(63, 69, 55),

(64, 144, 56),
(64, 134, 56),
(64, 48, 56),
(64, 134, 87),
(64, 48, 59),
(64, 141, 60),
(64, 104, 82),
(64, 142, 66),
(64, 143, 76),
(64, 92, 1),
(64, 91, 5),
(64, 159, 6),
(64, 82, 8),
(64, 66, 9),
(64, 73, 10),
(64, 44, 17),
(64, 37, 18),
(64, 39, 19),
(64, 79, 20),
(64, 143, 28),
(64, 142, 29),
(64, 144, 30),
(64, 94, 31),
(64, 72, 32),
(64, 143, 33),
(64, 118, 34),
(64, 93, 35),
(64, 58, 40),
(64, 135, 44),
(64, 140, 46),
(64, 117, 49),
(64, 114, 50),
(64, 69, 55),

(65, 144, 56),
(65, 134, 56),
(65, 48, 56),
(65, 134, 87),
(65, 48, 59),
(65, 141, 60),
(65, 104, 82),
(65, 142, 66),
(65, 143, 76),
(65, 92, 1),
(65, 91, 5),
(65, 159, 6),
(65, 82, 8),
(65, 66, 9),
(65, 73, 10),
(65, 88, 15),
(65, 44, 17),
(65, 37, 18),
(65, 39, 19),
(65, 79, 20),
(65, 143, 28),
(65, 142, 29),
(65, 144, 30),
(65, 94, 31),
(65, 72, 32),
(65, 143, 33),
(65, 118, 34),
(65, 93, 35),
(65, 58, 40),
(65, 135, 44),
(65, 140, 46),
(65, 117, 49),
(65, 114, 50),
(65, 69, 55),

(66, 83, 56),
(66, 40, 59),
(66, 90, 92),
(66, 76, 91),
(66, 39, 83),
(66, 44, 67),
(66, 92, 1),
(66, 91, 5),
(66, 159, 6),
(66, 82, 8),
(66, 66, 9),
(66, 73, 10),
(66, 44, 17),
(66, 37, 18),
(66, 39, 19),
(66, 79, 20),
(66, 151, 26),
(66, 148, 27),
(66, 147, 28),
(66, 94, 31),
(66, 72, 32),
(66, 118, 34),
(66, 93, 35),
(66, 29, 38),
(66, 58, 40),
(66, 135, 44),
(66, 145, 48),
(66, 114, 50),
(66, 78, 54),

(67, 40, 56),
(67, 90, 56),
(67, 83, 56),
(67, 40, 59),
(67, 90, 92),
(67, 76, 78),
(67, 39, 95),
(67, 44, 85),
(67, 92, 1),
(67, 91, 5),
(67, 159, 6),
(67, 82, 8),
(67, 66, 9),
(67, 73, 10),
(67, 44, 17),
(67, 37, 18),
(67, 39, 19),
(67, 79, 20),
(67, 151, 26),
(67, 148, 27),
(67, 147, 28),
(67, 94, 31),
(67, 72, 32),
(67, 118, 34),
(67, 93, 35),
(67, 29, 38),
(67, 58, 40),
(67, 135, 44),
(67, 145, 48),
(67, 114, 50),
(67, 78, 54),

(68, 40, 56),
(68, 90, 56),
(68, 83, 56),
(68, 40, 59),
(68, 90, 92),
(68, 76, 78),
(68, 39, 95),
(68, 44, 85),
(68, 92, 1),
(68, 91, 5),
(68, 159, 6),
(68, 82, 8),
(68, 66, 9),
(68, 73, 10),
(68, 88, 15),
(68, 44, 17),
(68, 37, 18),
(68, 39, 19),
(68, 79, 20),
(68, 151, 26),
(68, 148, 27),
(68, 147, 28),
(68, 94, 31),
(68, 72, 32),
(68, 118, 34),
(68, 93, 35),
(68, 29, 38),
(68, 58, 40),
(68, 135, 44),
(68, 145, 48),
(68, 114, 50),
(68, 78, 54),

(69, 89, 56),
(69, 67, 56),
(69, 107, 58),
(69, 157, 73),
(69, 129, 106),
(69, 127, 89),
(69, 152, 90),
(69, 124, 75),
(69, 100, 76),
(69, 2, 3),
(69, 159, 6),
(69, 66, 9),
(69, 73, 10),
(69, 79, 20),
(69, 126, 21),
(69, 128, 22),
(69, 94, 31),
(69, 72, 32),
(69, 143, 33),
(69, 118, 34),
(69, 135, 44),
(69, 114, 50),
(69, 64, 51),
(69, 125, 56),

(70, 67, 56),
(70, 125, 56),
(70, 107, 56),
(70, 107, 58),
(70, 157, 73),
(70, 129, 106),
(70, 127, 99),
(70, 152, 100),
(70, 124, 66),
(70, 100, 97),
(70, 2, 3),
(70, 159, 6),
(70, 66, 9),
(70, 73, 10),
(70, 79, 20),
(70, 126, 21),
(70, 128, 22),
(70, 94, 31),
(70, 72, 32),
(70, 143, 33),
(70, 118, 34),
(70, 135, 44),
(70, 114, 50),
(70, 64, 51),

(71, 129, 56),
(71, 127, 56),
(71, 152, 56),
(71, 124, 56),
(71, 107, 58),
(71, 157, 73),
(71, 129, 106),
(71, 2, 3),
(71, 159, 6),
(71, 82, 8),
(71, 66, 9),
(71, 73, 10),
(71, 88, 15),
(71, 79, 20),
(71, 126, 21),
(71, 128, 22),
(71, 94, 31),
(71, 72, 32),
(71, 143, 33),
(71, 118, 34),
(71, 135, 44),
(71, 114, 50),

(72, 152, 56),
(72, 113, 57),
(72, 107, 58),
(72, 155, 106),
(72, 7, 64),
(72, 167, 90),
(72, 132, 75),
(72, 60, 96),
(72, 5, 63),
(72, 2, 3),
(72, 159, 6),
(72, 66, 9),
(72, 73, 10),
(72, 8, 11),
(72, 7, 12),
(72, 35, 13),
(72, 36, 14),
(72, 79, 20),
(72, 126, 21),
(72, 94, 31),
(72, 72, 32),
(72, 118, 34),
(72, 143, 33),
(72, 58, 40),
(72, 135, 44),
(72, 114, 50),
(72, 64, 51),
(72, 10, 53),

(73, 152, 56),
(73, 113, 56),
(73, 107, 56),
(73, 113, 57),
(73, 107, 58),
(73, 155, 106),
(73, 7, 64),
(73, 167, 60),
(73, 132, 81),
(73, 60, 69),
(73, 5, 102),
(73, 2, 3),
(73, 159, 6),
(73, 66, 9),
(73, 73, 10),
(73, 8, 11),
(73, 7, 12),
(73, 35, 13),
(73, 36, 14),
(73, 88, 15),
(73, 79, 20),
(73, 126, 21),
(73, 94, 31),
(73, 72, 32),
(73, 118, 34),
(73, 143, 33),
(73, 58, 40),
(73, 135, 44),
(73, 114, 50),
(73, 64, 51),
(73, 10, 53),

(74, 1, 56),
(74, 109, 108),
(74, 146, 87),
(74, 54, 89),
(74, 77, 90),
(74, 151, 82),
(74, 75, 78),
(74, 92, 1),
(74, 159, 6),
(74, 82, 8),
(74, 66, 9),
(74, 73, 10),
(74, 44, 17),
(74, 37, 18),
(74, 39, 19),
(74, 79, 20),
(74, 151, 26),
(74, 148, 27),
(74, 147, 28),
(74, 94, 31),
(74, 72, 32),
(74, 118, 26),
(74, 93, 35),
(74, 54, 36),
(74, 29, 38),
(74, 135, 44),
(74, 75, 47),
(74, 145, 48),
(74, 114, 50),
(74, 78, 54),

(75, 1, 56),
(75, 109, 56),
(75, 146, 56),
(75, 109, 108),
(75, 146, 87),
(75, 54, 89),
(75, 77, 100),
(75, 151, 78),
(75, 75, 69),
(75, 92, 1),
(75, 159, 6),
(75, 82, 8),
(75, 66, 9),
(75, 73, 10),
(75, 4, 17),
(75, 37, 18),
(75, 39, 19),
(75, 79, 20),
(75, 151, 26),
(75, 148, 27),
(75, 147, 28),
(75, 94, 31),
(75, 72, 32),
(75, 118, 26),
(75, 93, 35),
(75, 54, 36),
(75, 29, 38),
(75, 135, 44),
(75, 75, 47),
(75, 145, 48),
(75, 114, 50),
(75, 78, 54),

(76, 1, 56),
(76, 109, 56),
(76, 146, 56),
(76, 109, 108),
(76, 146, 87),
(76, 54, 89),
(76, 77, 100),
(76, 151, 78),
(76, 75, 69),
(76, 92, 1),
(76, 159, 6),
(76, 82, 8),
(76, 66, 9),
(76, 73, 10),
(76, 88, 15),
(76, 44, 17),
(76, 37, 18),
(76, 39, 19),
(76, 79, 20),
(76, 151, 26),
(76, 148, 27),
(76, 147, 28),
(76, 94, 31),
(76, 72, 32),
(76, 118, 26),
(76, 93, 35),
(76, 54, 36),
(76, 29, 38),
(76, 135, 44),
(76, 75, 47),
(76, 145, 48),
(76, 114, 50),
(76, 78, 54),

(77, 26, 56),
(77, 89, 65),
(77, 98, 91),
(77, 85, 81),
(77, 27, 83),
(77, 66, 69),
(77, 130, 63),
(77, 159, 6),
(77, 97, 7),
(77, 82, 8),
(77, 66, 9),
(77, 73, 10),
(77, 79, 20),
(77, 94, 31),
(77, 72, 32),
(77, 143, 33),
(77, 118, 26),
(77, 29, 38),
(77, 103, 39),
(77, 58, 40),
(77, 135, 44),
(77, 114, 50),

(78, 26, 56),
(78, 85, 56),
(78, 89, 56),
(78, 98, 56),
(78, 89, 65),
(78, 98, 91),
(78, 85, 81),
(78, 27, 83),
(78, 66, 84),
(78, 130, 70),
(78, 159, 6),
(78, 97, 7),
(78, 82, 8),
(78, 66, 9),
(78, 73, 10),
(78, 88, 15),
(78, 79, 20),
(78, 94, 31),
(78, 72, 32),
(78, 143, 33),
(78, 118, 26),
(78, 29, 38),
(78, 103, 39),
(78, 58, 40),
(78, 135, 44),
(78, 114, 50),

(79, 134, 56),
(79, 48, 106),
(79, 81, 64),
(79, 85, 60),
(79, 7, 75),
(79, 131, 96),
(79, 142, 63),
(79, 159, 6),
(79, 82, 8),
(79, 66, 9),
(79, 73, 10),
(79, 8, 11),
(79, 7, 12),
(79, 35, 13),
(79, 36, 14),
(79, 71, 16),
(79, 79, 20),
(79, 151, 26),
(79, 148, 27),
(79, 147, 28),
(79, 142, 29),
(79, 144, 30),
(79, 94, 31),
(79, 72, 32),
(79, 143, 33),
(79, 118, 34),
(79, 29, 38),
(79, 58, 40),
(79, 135, 44),
(79, 18, 45),
(79, 140, 46),
(79, 117, 49),
(79, 114, 50),
(79, 10, 53),
(79, 78, 54),
(79, 69, 55),

(80, 134, 56),
(80, 48, 56),
(80, 81, 56),
(80, 81, 64),
(80, 48, 106),
(80, 85, 60),
(80, 7, 75),
(80, 9, 103),
(80, 131, 95),
(80, 142, 70),
(80, 92, 1),
(80, 91, 5),
(80, 159, 6),
(80, 82, 8),
(80, 66, 9),
(80, 73, 10),
(80, 8, 11),
(80, 7, 12),
(80, 35, 13),
(80, 36, 14),
(80, 88, 15),
(80, 71, 16),
(80, 44, 17),
(80, 37, 18),
(80, 39, 19),
(80, 79, 20),
(80, 151, 26),
(80, 148, 27),
(80, 147, 28),
(80, 142, 29),
(80, 144, 30),
(80, 94, 31),
(80, 72, 32),
(80, 143, 33),
(80, 118, 34),
(80, 29, 38),
(80, 58, 40),
(80, 135, 44),
(80, 18, 45),
(80, 140, 46),
(80, 117, 49),
(80, 114, 50),
(80, 10, 53),
(80, 78, 54),
(80, 69, 55),

(81, 1, 56),
(81, 57, 89),
(81, 17, 92),
(81, 113, 100),
(81, 18, 81),
(81, 103, 62),
(81, 60, 84),
(81, 159, 6),
(81, 66, 9),
(81, 73, 10),
(81, 79, 20),
(81, 20, 24),
(81, 21, 25),
(81, 144, 30),
(81, 94, 31),
(81, 72, 32),
(81, 143, 33),
(81, 118, 34),
(81, 103, 39),
(81, 135, 44),
(81, 18, 45),
(81, 114, 50),
(81, 69, 55),

(82, 1, 56),
(82, 57, 56),
(82, 17, 56),
(82, 57, 89),
(82, 17, 92),
(82, 113, 100),
(82, 18, 66),
(82, 103, 67),
(82, 60, 68),
(82, 159, 6),
(82, 66, 9),
(82, 73, 10),
(82, 88, 15),
(82, 79, 20),
(82, 20, 24),
(82, 21, 25),
(82, 144, 30),
(82, 94, 31),
(82, 72, 32),
(82, 143, 33),
(82, 118, 34),
(82, 103, 39),
(82, 135, 44),
(82, 18, 45),
(82, 114, 50),
(82, 69, 55),

(83, 165, 56),
(83, 51, 56),
(83, 90, 57),
(83, 52, 73),
(83, 2, 99),
(83, 130, 82),
(83, 65, 83),
(83, 119, 2),
(83, 2, 3),
(83, 106, 4),
(83, 159, 6),
(83, 82, 8),
(83, 66, 9),
(83, 73, 10),
(83, 79, 20),
(83, 94, 31),
(83, 72, 32),
(83, 143, 33),
(83, 118, 34),
(83, 103, 39),
(83, 58, 40),
(83, 135, 44),
(83, 114, 50),
(83, 64, 51),
(83, 166, 52),

(84, 165, 56),
(84, 85, 59),
(84, 52, 74),
(84, 164, 65),
(84, 79, 78),
(84, 117, 96),
(84, 130, 95),
(84, 106, 4),
(84, 159, 6),
(84, 82, 8),
(84, 66, 9),
(84, 73, 10),
(84, 79, 20),
(84, 94, 31),
(84, 72, 32),
(84, 143, 33),
(84, 118, 34),
(84, 58, 40),
(84, 160, 43),
(84, 135, 44),
(84, 117, 49),
(84, 114, 50),
(84, 166, 52),

(85, 165, 56),
(85, 85, 56),
(85, 52, 56),
(85, 85, 59),
(85, 52, 74),
(85, 164, 65),
(85, 79, 83),
(85, 117, 107),
(85, 130, 104),
(85, 106, 4),
(85, 159, 6),
(85, 82, 8),
(85, 66, 9),
(85, 73, 10),
(85, 88, 15),
(85, 79, 20),
(85, 94, 31),
(85, 72, 32),
(85, 143, 33),
(85, 118, 34),
(85, 58, 40),
(85, 160, 43),
(85, 135, 44),
(85, 117, 49),
(85, 114, 50),
(85, 166, 52),

(86, 81, 56),
(86, 85, 65),
(86, 34, 81),
(86, 135, 96),
(86, 66, 107),
(86, 35, 102),
(86, 159, 6),
(86, 97, 7),
(86, 82, 8),
(86, 66, 9),
(86, 73, 10),
(86, 8, 11),
(86, 7, 12),
(86, 35, 13),
(86, 36, 14),
(86, 71, 16),
(86, 79, 20),
(86, 94, 31),
(86, 72, 32),
(86, 118, 34),
(86, 58, 40),
(86, 135, 44),
(86, 114, 50),
(86, 10, 53),
(86, 78, 54),

(87, 81, 56),
(87, 85, 56),
(87, 34, 56),
(87, 85, 65),
(87, 34, 81),
(87, 135, 95),
(87, 66, 102),
(87, 35, 77),
(87, 159, 6),
(87, 97, 7),
(87, 82, 8),
(87, 66, 9),
(87, 73, 10),
(87, 8, 11),
(87, 7, 12),
(87, 35, 13),
(87, 88, 15),
(87, 36, 14),
(87, 71, 16),
(87, 79, 20),
(87, 94, 31),
(87, 72, 32),
(87, 118, 34),
(87, 58, 40),
(87, 135, 44),
(87, 114, 50),
(87, 10, 53),
(87, 78, 54),

(88, 70, 56),
(88, 48, 56),
(88, 154, 65),
(88, 105, 75),
(88, 158, 103),
(88, 77, 76),
(88, 60, 63),
(88, 153, 70),
(88, 159, 6),
(88, 82, 8),
(88, 79, 20),
(88, 126, 21),
(88, 20, 24),
(88, 21, 25),
(88, 94, 31),
(88, 72, 32),
(88, 118, 34),
(88, 54, 36),
(88, 29, 38),
(88, 135, 44),
(88, 75, 47),
(88, 114, 50),

(89, 70, 56),
(89, 154, 56),
(89, 154, 65),
(89, 48, 56),
(89, 105, 75),
(89, 158, 103),
(89, 77, 107),
(89, 60, 109),
(89, 153, 110),
(89, 88, 15),
(89, 159, 6),
(89, 82, 8),
(89, 79, 20),
(89, 126, 21),
(89, 20, 24),
(89, 21, 25),
(89, 94, 31),
(89, 72, 32),
(89, 118, 34),
(89, 54, 36),
(89, 29, 38),
(89, 135, 44),
(89, 75, 47),
(89, 114, 50),

(90, 1, 56),
(90, 9, 56),
(90, 113, 106),
(90, 11, 99),
(90, 34, 65),
(90, 90, 83),
(90, 35, 102),
(90, 159, 6),
(90, 66, 9),
(90, 73, 10),
(90, 8, 11),
(90, 7, 12),
(90, 35, 13),
(90, 36, 14),
(90, 79, 20),
(90, 144, 30),
(90, 94, 31),
(90, 72, 32),
(90, 143, 33),
(90, 118, 34),
(90, 54, 36),
(90, 103, 39),
(90, 135, 44),
(90, 75, 47),
(90, 117, 49),
(90, 114, 50),
(90, 10, 53),

(91, 9, 56),
(91, 34, 56),
(91, 113, 56),
(91, 11, 56),
(91, 61, 102),
(91, 159, 6),
(91, 66, 9),
(91, 73, 10),
(91, 8, 11),
(91, 7, 12),
(91, 35, 13),
(91, 36, 14),
(91, 88, 15),
(91, 79, 20),
(91, 144, 30),
(91, 94, 31),
(91, 72, 32),
(91, 143, 33),
(91, 118, 34),
(91, 54, 36),
(91, 103, 39),
(91, 135, 44),
(91, 75, 47),
(91, 117, 49),
(91, 114, 50),
(91, 10, 53),

(92, 23, 56),
(92, 24, 56),
(92, 25, 56),
(92, 136, 60),
(92, 133, 81),
(92, 159, 6),
(92, 79, 20),
(92, 126, 21),
(92, 20, 24),
(92, 21, 25),
(92, 142, 29),
(92, 94, 31),
(92, 72, 32),
(92, 118, 34),
(92, 54, 36),
(92, 133, 42),
(92, 135, 44),
(92, 140, 46),
(92, 75, 47),
(92, 114, 50),

(93, 23, 56),
(93, 24, 56),
(93, 25, 56),
(93, 136, 100),
(93, 133, 66),
(93, 159, 6),
(93, 79, 20),
(93, 126, 21),
(93, 20, 24),
(93, 21, 25),
(93, 142, 29),
(93, 94, 31),
(93, 72, 32),
(93, 118, 34),
(93, 54, 36),
(93, 133, 42),
(93, 135, 44),
(93, 140, 46),
(93, 75, 47),
(93, 114, 50),

(94, 23, 56),
(94, 24, 56),
(94, 25, 56),
(94, 136, 100),
(94, 133, 66),
(94, 92, 1),
(94, 91, 5),
(94, 159, 6),
(94, 82, 8),
(94, 66, 9),
(94, 73, 10),
(94, 88, 15),
(94, 44, 17),
(94, 37, 18),
(94, 39, 19),
(94, 79, 20),
(94, 126, 21),
(94, 20, 24),
(94, 21, 25),
(94, 142, 29),
(94, 94, 31),
(94, 72, 32),
(94, 118, 34),
(94, 93, 35),
(94, 54, 36),
(94, 58, 40),
(94, 133, 42),
(94, 135, 44),
(94, 140, 46),
(94, 75, 47),
(94, 114, 50),
(94, 78, 54),

(95, 1, 56),
(95, 60, 56),
(95, 50, 73),
(95, 146, 94),
(95, 79, 92),
(95, 100, 75),
(95, 77, 69),
(95, 159, 6),
(95, 82, 8),
(95, 66, 9),
(95, 73, 10),
(95, 79, 20),
(95, 151, 26),
(95, 148, 27),
(95, 147, 28),
(95, 94, 31),
(95, 72, 32),
(95, 118, 34),
(95, 54, 36),
(95, 58, 40),
(95, 135, 44),
(95, 75, 47),
(95, 145, 48),
(95, 114, 50),
(95, 78, 54),

(96, 70, 56),
(96, 136, 56),
(96, 48, 86),
(96, 134, 88),
(96, 81, 74),
(96, 154, 100),
(96, 142, 91),
(96, 138, 103),
(96, 92, 1),
(96, 91, 5),
(96, 159, 6),
(96, 82, 8),
(96, 66, 9),
(96, 73, 10),
(96, 44, 17),
(96, 37, 18),
(96, 39, 19),
(96, 79, 20),
(96, 142, 29),
(96, 144, 30),
(96, 94, 31),
(96, 72, 32),
(96, 143, 33),
(96, 118, 34),
(96, 93, 35),
(96, 58, 40),
(96, 133, 42),
(96, 135, 44),
(96, 18, 45),
(96, 140, 46),
(96, 117, 49),
(96, 114, 50),
(96, 69, 55),

(97, 70, 56),
(97, 136, 56),
(97, 48, 56),
(97, 134, 56),
(97, 48, 86),
(97, 134, 88),
(97, 81, 74),
(97, 154, 75),
(97, 142, 103),
(97, 138, 69),
(97, 92, 1),
(97, 91, 5),
(97, 159, 6),
(97, 82, 8),
(97, 66, 9),
(97, 73, 10),
(97, 88, 15),
(97, 44, 17),
(97, 37, 18),
(97, 39, 19),
(97, 79, 20),
(97, 142, 29),
(97, 144, 30),
(97, 94, 31),
(97, 72, 32),
(97, 143, 33),
(97, 118, 34),
(97, 93, 35),
(97, 58, 40),
(97, 133, 42),
(97, 135, 44),
(97, 18, 45),
(97, 140, 46),
(97, 117, 49),
(97, 114, 50),
(97, 69, 55),

(98, 3, 56),
(98, 90, 56),
(98, 46, 59),
(98, 86, 92),
(98, 98, 65),
(98, 6, 81),
(98, 77, 96),
(98, 2, 3),
(98, 159, 6),
(98, 82, 8),
(98, 66, 9),
(98, 73, 10),
(98, 8, 11),
(98, 7, 12),
(98, 35, 13),
(98, 36, 14),
(98, 79, 20),
(98, 94, 31),
(98, 72, 32),
(98, 118, 34),
(98, 135, 44),
(98, 114, 50),
(98, 64, 51),
(98, 10, 53),
(98, 78, 54),

(99, 3, 56),
(99, 46, 56),
(99, 90, 56),
(99, 46, 59),
(99, 86, 92),
(99, 98, 61),
(99, 6, 76),
(99, 77, 97),
(99, 88, 15),
(99, 2, 3),
(99, 159, 6),
(99, 82, 8),
(99, 66, 9),
(99, 73, 10),
(99, 8, 11),
(99, 7, 12),
(99, 35, 13),
(99, 36, 14),
(99, 79, 20),
(99, 94, 31),
(99, 72, 32),
(99, 118, 34),
(99, 135, 44),
(99, 114, 50),
(99, 64, 51),
(99, 10, 53),
(99, 78, 54),

(100, 1, 56),
(100, 60, 56),
(100, 57, 88),
(100, 54, 64),
(100, 139, 100),
(100, 103, 78),
(100, 75, 69),
(100, 159, 6),
(100, 66, 9),
(100, 79, 20),
(100, 20, 24),
(100, 21, 25),
(100, 144, 30),
(100, 94, 31),
(100, 72, 32),
(100, 143, 33),
(100, 118, 34),
(100, 54, 36),
(100, 103, 39),
(100, 135, 44),
(100, 18, 45),
(100, 75, 47),
(100, 114, 50),
(100, 69, 55),

(101, 1, 56),
(101, 60, 56),
(101, 57, 88),
(101, 54, 64),
(101, 139, 100),
(101, 103, 78),
(101, 75, 69),
(101, 159, 6),
(101, 66, 9),
(101, 88, 15),
(101, 79, 20),
(101, 20, 24),
(101, 21, 25),
(101, 144, 30),
(101, 94, 31),
(101, 72, 32),
(101, 143, 33),
(101, 118, 34),
(101, 54, 36),
(101, 103, 39),
(101, 135, 44),
(101, 18, 45),
(101, 75, 47),
(101, 114, 50),
(101, 69, 55),

(102, 101, 56),
(102, 136, 56),
(102, 143, 92),
(102, 122, 80),
(102, 127, 91),
(102, 157, 103),
(102, 128, 76),
(102, 129, 63),
(102, 159, 6),
(102, 66, 9),
(102, 73, 10),
(102, 79, 20),
(102, 142, 29),
(102, 144, 30),
(102, 94, 31),
(102, 72, 32),
(102, 143, 33),
(102, 118, 34),
(102, 54, 36),
(102, 56, 37),
(102, 135, 44),
(102, 140, 46),
(102, 75, 47),
(102, 114, 50),

(103, 101, 56),
(103, 136, 56),
(103, 98, 80),
(103, 159, 6),
(103, 66, 9),
(103, 73, 10),
(103, 79, 20),
(103, 142, 29),
(103, 144, 30),
(103, 94, 31),
(103, 72, 32),
(103, 143, 33),
(103, 118, 34),
(103, 54, 36),
(103, 56, 37),
(103, 135, 44),
(103, 140, 46),
(103, 75, 47),
(103, 114, 50),
(103, 88, 15),
(103, 126, 21),
(103, 128, 22),
(103, 78, 54),

(104, 85, 56),
(104, 149, 56),
(104, 90, 92),
(104, 76, 82),
(104, 80, 66),
(104, 150, 69),
(104, 79, 67),
(104, 92, 1),
(104, 91, 5),
(104, 159, 6),
(104, 82, 8),
(104, 66, 9),
(104, 73, 10),
(104, 8, 11),
(104, 7, 12),
(104, 35, 13),
(104, 36, 14),
(104, 44, 17),
(104, 37, 18),
(104, 39, 19),
(104, 79, 20),
(104, 151, 26),
(104, 148, 27),
(104, 147, 28),
(104, 94, 31),
(104, 72, 32),
(104, 118, 34),
(104, 29, 38),
(104, 58, 40),
(104, 135, 44),
(104, 114, 50),
(104, 78, 54),

(105, 85, 56),
(105, 149, 56),
(105, 90, 56),
(105, 76, 56),
(105, 90, 92),
(105, 76, 75),
(105, 80, 62),
(105, 150, 63),
(105, 79, 70),
(105, 92, 1),
(105, 91, 5),
(105, 159, 6),
(105, 82, 8),
(105, 66, 9),
(105, 73, 10),
(105, 8, 11),
(105, 7, 12),
(105, 35, 13),
(105, 36, 14),
(105, 88, 15),
(105, 44, 17),
(105, 37, 18),
(105, 39, 19),
(105, 79, 20),
(105, 151, 26),
(105, 148, 27),
(105, 147, 28),
(105, 94, 31),
(105, 72, 32),
(105, 118, 34),
(105, 29, 38),
(105, 58, 40),
(105, 135, 44),
(105, 114, 50),
(105, 78, 54),

(106, 138, 56),
(106, 38, 56),
(106, 41, 75),
(106, 76, 69),
(106, 43, 63),
(106, 91, 109),
(106, 92, 1),
(106, 91, 5),
(106, 159, 6),
(106, 82, 8),
(106, 66, 9),
(106, 73, 10),
(106, 44, 17),
(106, 37, 18),
(106, 39, 19),
(106, 79, 20),
(106, 94, 31),
(106, 72, 32),
(106, 118, 34),
(106, 93, 35),
(106, 103, 39),
(106, 58, 40),
(106, 135, 44),
(106, 114, 50),
(106, 78, 54),

(107, 102, 56),
(107, 130, 56),
(107, 30, 75),
(107, 33, 66),
(107, 19, 69),
(107, 92, 63),
(107, 37, 109),
(107, 92, 1),
(107, 91, 5),
(107, 159, 6),
(107, 82, 8),
(107, 66, 9),
(107, 73, 10),
(107, 44, 17),
(107, 37, 18),
(107, 39, 19),
(107, 79, 20),
(107, 94, 31),
(107, 72, 32),
(107, 118, 34),
(107, 93, 35),
(107, 103, 39),
(107, 58, 40),
(107, 135, 44),
(107, 114, 50),
(107, 78, 54),

(108, 107, 56),
(108, 113, 56),
(108, 98, 57),
(108, 48, 73),
(108, 109, 99),
(108, 100, 82),
(108, 60, 83),
(108, 92, 1),
(108, 2, 3),
(108, 91, 5),
(108, 159, 6),
(108, 82, 8),
(108, 66, 9),
(108, 73, 10),
(108, 8, 11),
(108, 7, 12),
(108, 35, 13),
(108, 36, 14),
(108, 88, 15),
(108, 44, 17),
(108, 37, 18),
(108, 39, 19),
(108, 79, 20),
(108, 20, 24),
(108, 21, 25),
(108, 151, 26),
(108, 148, 27),
(108, 94, 31),
(108, 72, 32),
(108, 118, 34),
(108, 29, 38),
(108, 58, 40),
(108, 135, 44),
(108, 114, 50),
(108, 64, 51),
(108, 10, 53),
(108, 78, 54),

(109, 1, 56),
(109, 156, 56),
(109, 158, 91),
(109, 96, 103),
(109, 54, 96),
(109, 32, 107),
(109, 75, 63),
(109, 159, 6),
(109, 79, 20),
(109, 20, 24),
(109, 21, 25),
(109, 94, 31),
(109, 72, 32),
(109, 118, 34),
(109, 54, 36),
(109, 29, 38),
(109, 135, 44),
(109, 75, 47),
(109, 114, 50),

(110, 1, 56),
(110, 156, 56),
(110, 158, 56),
(110, 158, 91),
(110, 96, 83),
(110, 54, 69),
(110, 32, 97),
(110, 75, 109),
(110, 159, 6),
(110, 88, 15),
(110, 79, 20),
(110, 20, 24),
(110, 21, 25),
(110, 94, 31),
(110, 72, 32),
(110, 118, 34),
(110, 54, 36),
(110, 29, 38),
(110, 135, 44),
(110, 75, 47),
(110, 114, 50),

(111, 63, 56),
(111, 98, 65),
(111, 89, 81),
(111, 52, 96),
(111, 97, 107),
(111, 90, 102),
(111, 66, 70),
(111, 159, 6),
(111, 97, 7),
(111, 82, 8),
(111, 66, 9),
(111, 73, 10),
(111, 79, 20),
(111, 20, 24),
(111, 21, 25),
(111, 151, 26),
(111, 148, 27),
(111, 147, 28),
(111, 94, 31),
(111, 72, 32),
(111, 118, 34),
(111, 29, 38),
(111, 58, 40),
(111, 135, 44),
(111, 145, 48),
(111, 114, 50),
(111, 78, 54),

(112, 89, 56),
(112, 52, 56),
(112, 98, 56),
(112, 98, 65),
(112, 63, 56),
(112, 89, 81),
(112, 52, 96),
(112, 97, 63),
(112, 90, 70),
(112, 66, 111),
(112, 92, 1),
(112, 91, 5),
(112, 159, 6),
(112, 97, 7),
(112, 82, 8),
(112, 66, 9),
(112, 73, 10),
(112, 8, 11),
(112, 7, 12),
(112, 35, 13),
(112, 36, 14),
(112, 88, 15),
(112, 71, 16),
(112, 44, 17),
(112, 37, 18),
(112, 39, 19),
(112, 79, 20),
(112, 20, 24),
(112, 21, 25),
(112, 151, 26),
(112, 148, 27),
(112, 147, 28),
(112, 94, 31),
(112, 72, 32),
(112, 118, 34),
(112, 29, 38),
(112, 58, 40),
(112, 135, 44),
(112, 145, 48),
(112, 114, 50),
(112, 10, 53),
(112, 78, 54),

(113, 70, 56),
(113, 74, 56),
(113, 59, 74),
(113, 85, 65),
(113, 105, 66),
(113, 109, 95),
(113, 139, 63),
(113, 73, 68),
(113, 92, 1),
(113, 91, 5),
(113, 159, 6),
(113, 82, 8),
(113, 66, 9),
(113, 73, 10),
(113, 8, 11),
(113, 7, 12),
(113, 35, 13),
(113, 36, 14),
(113, 88, 15),
(113, 44, 17),
(113, 37, 18),
(113, 39, 19),
(113, 79, 20),
(113, 128, 22),
(113, 20, 24),
(113, 21, 25),
(113, 142, 29),
(113, 144, 30),
(113, 94, 31),
(113, 72, 32),
(113, 143, 33),
(113, 118, 34),
(113, 93, 35),
(113, 56, 37),
(113, 29, 38),
(113, 58, 40),
(113, 47, 41),
(113, 135, 44),
(113, 18, 45),
(113, 140, 46),
(113, 117, 49),
(113, 114, 50),
(113, 78, 54),
(113, 69, 55),

(114, 167, 56),
(114, 50, 56),
(114, 120, 100),
(114, 157, 91),
(114, 127, 78),
(114, 129, 83),
(114, 100, 107),
(114, 67, 97),
(114, 2, 3),
(114, 159, 6),
(114, 82, 8),
(114, 66, 9),
(114, 73, 10),
(114, 88, 15),
(114, 79, 20),
(114, 126, 21),
(114, 128, 22),
(114, 94, 31),
(114, 72, 32),
(114, 118, 34),
(114, 58, 40),
(114, 135, 44),
(114, 114, 50),
(114, 64, 51),

(115, 102, 56),
(115, 79, 56),
(115, 95, 90),
(115, 89, 82),
(115, 92, 78),
(115, 90, 62),
(115, 168, 67),
(115, 92, 1),
(115, 91, 5),
(115, 159, 6),
(115, 82, 8),
(115, 66, 9),
(115, 73, 10),
(115, 8, 11),
(115, 7, 12),
(115, 35, 13),
(115, 36, 14),
(115, 88, 15),
(115, 44, 17),
(115, 37, 18),
(115, 39, 19),
(115, 79, 20),
(115, 20, 24),
(115, 21, 25),
(115, 151, 26),
(115, 148, 27),
(115, 94, 31),
(115, 72, 32),
(115, 118, 34),
(115, 29, 38),
(115, 58, 40),
(115, 135, 44),
(115, 145, 48),
(115, 114, 50),
(115, 10, 53),
(115, 78, 54),

(116, 3, 56),
(116, 96, 94),
(116, 90, 74),
(116, 7, 65),
(116, 130, 103),
(116, 5, 107),
(116, 159, 6),
(116, 66, 9),
(116, 73, 10),
(116, 8, 11),
(116, 7, 12),
(116, 35, 13),
(116, 36, 14),
(116, 79, 20),
(116, 94, 31),
(116, 72, 32),
(116, 118, 34),
(116, 19, 39),
(116, 58, 40),
(116, 135, 44),
(116, 114, 50),
(116, 10, 53),

(117, 8, 56),
(117, 96, 56),
(117, 96, 94),
(117, 90, 74),
(117, 7, 65),
(117, 130, 62),
(117, 5, 85),
(117, 159, 6),
(117, 66, 9),
(117, 73, 10),
(117, 8, 11),
(117, 7, 12),
(117, 35, 13),
(117, 36, 14),
(117, 88, 15),
(117, 79, 20),
(117, 94, 31),
(117, 72, 32),
(117, 118, 34),
(117, 19, 39),
(117, 58, 40),
(117, 135, 44),
(117, 114, 50),
(117, 10, 53),


(118, 165, 56),
(118, 89, 56),
(118, 113, 94),
(118, 63, 74),
(118, 52, 65),
(118, 4, 103),
(118, 97, 107),
(118, 130, 68),
(118, 159, 6),
(118, 97, 7),
(118, 66, 9),
(118, 73, 10),
(118, 8, 11),
(118, 7, 12),
(118, 35, 13),
(118, 36, 14),
(118, 79, 20),
(118, 94, 31),
(118, 72, 32),
(118, 118, 34),
(118, 19, 39),
(118, 58, 40),
(118, 135, 44),
(118, 114, 50),
(118, 10, 53),

(119, 165, 56),
(119, 89, 56),
(119, 113, 56),
(119, 113, 94),
(119, 63, 74),
(119, 52, 65),
(119, 4, 83),
(119, 97, 63),
(119, 130, 68),
(119, 159, 6),
(119, 97, 7),
(119, 66, 9),
(119, 73, 10),
(119, 8, 11),
(119, 7, 12),
(119, 35, 13),
(119, 36, 14),
(119, 88, 15),
(119, 79, 20),
(119, 94, 31),
(119, 72, 32),
(119, 118, 34),
(119, 19, 39),
(119, 58, 40),
(119, 135, 44),
(119, 114, 50),
(119, 10, 53),

(120, 1, 56),
(120, 7, 88),
(120, 77, 64),
(120, 104, 60),
(120, 103, 91),
(120, 105, 103),
(120, 139, 76),
(120, 5, 84),
(120, 159, 6),
(120, 66, 9),
(120, 73, 10),
(120, 8, 11),
(120, 7, 12),
(120, 35, 13),
(120, 36, 14),
(120, 79, 20),
(120, 20, 24),
(120, 21, 25),
(120, 142, 29),
(120, 144, 30),
(120, 94, 31),
(120, 72, 32),
(120, 143, 33),
(120, 118, 34),
(120, 19, 39),
(120, 58, 40),
(120, 135, 44),
(120, 18, 45),
(120, 117, 49),
(120, 114, 50),
(120, 10, 53),
(120, 69, 55),

(121, 1, 56),
(121, 7, 56),
(121, 77, 56),
(121, 159, 6),
(121, 66, 9),
(121, 73, 10),
(121, 8, 11),
(121, 7, 12),
(121, 35, 13),
(121, 36, 14),
(121, 88, 15),
(121, 79, 20),
(121, 20, 24),
(121, 21, 25),
(121, 142, 29),
(121, 144, 30),
(121, 94, 31),
(121, 72, 32),
(121, 143, 33),
(121, 118, 34),
(121, 19, 39),
(121, 58, 40),
(121, 135, 44),
(121, 18, 45),
(121, 117, 49),
(121, 114, 50),
(121, 10, 53),
(121, 69, 55),

(122, 132, 56),
(122, 134, 73),
(122, 139, 99),
(122, 74, 82),
(122, 138, 83),
(122, 114, 84),
(122, 92, 1),
(122, 91, 5),
(122, 159, 6),
(122, 82, 8),
(122, 66, 9),
(122, 73, 10),
(122, 88, 15),
(122, 44, 17),
(122, 37, 18),
(122, 39, 19),
(122, 79, 20),
(122, 128, 22),
(122, 20, 24),
(122, 21, 25),
(122, 142, 29),
(122, 144, 30),
(122, 94, 31),
(122, 72, 32),
(122, 143, 33),
(122, 118, 34),
(122, 93, 35),
(122, 58, 40),
(122, 135, 44),
(122, 18, 45),
(122, 140, 46),
(122, 114, 50),
(122, 69, 55),

(123, 53, 56),
(123, 90, 56),
(123, 76, 56),
(123, 72, 74),
(123, 65, 100),
(123, 2, 81),
(123, 130, 76),
(123, 2, 3),
(123, 159, 6),
(123, 66, 9),
(123, 73, 10),
(123, 88, 15),
(123, 79, 20),
(123, 94, 31),
(123, 72, 32),
(123, 118, 34),
(123, 19, 39),
(123, 58, 40),
(123, 135, 44),
(123, 114, 50),
(123, 64, 51),

(124, 70, 56),
(124, 55, 56),
(124, 23, 106),
(124, 74, 99),
(124, 33, 82),
(124, 82, 83),
(124, 80, 84),
(124, 36, 112),
(124, 92, 1),
(124, 91, 5),
(124, 159, 6),
(124, 82, 8),
(124, 66, 9),
(124, 73, 10),
(124, 8, 11),
(124, 7, 12),
(124, 35, 13),
(124, 36, 14),
(124, 88, 15),
(124, 44, 17),
(124, 37, 18),
(124, 39, 19),
(124, 79, 20),
(124, 142, 29),
(124, 144, 30),
(124, 94, 31),
(124, 72, 32),
(124, 143, 33),
(124, 118, 34),
(124, 93, 35),
(124, 58, 40),
(124, 135, 44),
(124, 140, 46),
(124, 114, 50),

(125, 53, 56),
(125, 90, 56),
(125, 17, 61),
(125, 60, 103),
(125, 19, 76),
(125, 139, 97),
(125, 21, 68),
(125, 92, 1),
(125, 91, 5),
(125, 159, 6),
(125, 82, 8),
(125, 66, 9),
(125, 73, 10),
(125, 88, 15),
(125, 44, 17),
(125, 37, 18),
(125, 39, 19),
(125, 79, 20),
(125, 20, 24),
(125, 21, 25),
(125, 142, 29),
(125, 144, 30),
(125, 94, 31),
(125, 72, 32),
(125, 143, 33),
(125, 118, 34),
(125, 93, 35),
(125, 19, 39),
(125, 58, 40),
(125, 135, 44),
(125, 18, 45),
(125, 140, 46),
(125, 114, 50),
(125, 78, 54),
(125, 69, 55),

(126, 26, 56),
(126, 90, 78),
(126, 24, 83),
(126, 30, 69),
(126, 96, 63),
(126, 156, 85),
(126, 28, 70),
(126, 92, 1),
(126, 91, 5),
(126, 159, 6),
(126, 82, 8),
(126, 66, 9),
(126, 73, 10),
(126, 88, 15),
(126, 44, 17),
(126, 37, 18),
(126, 39, 19),
(126, 79, 20),
(126, 142, 29),
(126, 144, 30),
(126, 94, 31),
(126, 72, 32),
(126, 118, 34),
(126, 93, 35),
(126, 29, 38),
(126, 58, 40),
(126, 135, 44),
(126, 140, 46),
(126, 114, 50),
(126, 78, 54),

(127, 46, 56),
(127, 39, 92),
(127, 86, 65),
(127, 76, 78),
(127, 77, 69),
(127, 65, 97),
(127, 2, 68),
(127, 2, 3),
(127, 159, 6),
(127, 82, 8),
(127, 66, 9),
(127, 73, 10),
(127, 88, 15),
(127, 44, 17),
(127, 39, 19),
(127, 79, 20),
(127, 94, 31),
(127, 72, 32),
(127, 118, 34),
(127, 135, 44),
(127, 114, 50),
(127, 64, 51),
(127, 78, 54),

(128, 1, 56),
(128, 98, 56),
(128, 89, 80),
(128, 90, 81),
(128, 79, 95),
(128, 66, 104),
(128, 159, 6),
(128, 97, 7),
(128, 82, 8),
(128, 66, 9),
(128, 73, 10),
(128, 35, 13),
(128, 36, 14),
(128, 88, 15),
(128, 79, 20),
(128, 20, 24),
(128, 21, 25),
(128, 151, 26),
(128, 148, 27),
(128, 94, 31),
(128, 72, 32),
(128, 118, 34),
(128, 29, 38),
(128, 58, 40),
(128, 135, 44),
(128, 114, 50),
(128, 78, 54),

(129, 111, 56),
(129, 1, 73),

(130, 95, 56),
(130, 16, 56),
(130, 90, 56),
(130, 5, 56),
(130, 95, 59),
(130, 16, 92),
(130, 90, 91),
(130, 5, 62),
(130, 88, 85),
(130, 159, 6),
(130, 82, 8),
(130, 66, 9),
(130, 73, 10),
(130, 8, 11),
(130, 7, 12),
(130, 35, 13),
(130, 36, 14),
(130, 88, 15),
(130, 79, 20),
(130, 16, 23),
(130, 20, 24),
(130, 21, 25),
(130, 94, 31),
(130, 72, 32),
(130, 143, 33),
(130, 118, 34),
(130, 29, 38),
(130, 58, 40),
(130, 135, 44),
(130, 114, 50),
(130, 10, 53),
(130, 78, 54),

(131, 85, 56),
(131, 7, 56),
(131, 59, 87),
(131, 31, 59),
(131, 82, 92),
(131, 24, 82),
(131, 35, 66),
(131, 5, 67),
(131, 159, 6),
(131, 97, 7),
(131, 82, 8),
(131, 66, 9),
(131, 73, 10),
(131, 8, 11),
(131, 7, 12),
(131, 35, 13),
(131, 36, 14),
(131, 88, 15),
(131, 79, 20),
(131, 128, 22),
(131, 16, 23),
(131, 20, 24),
(131, 21, 25),
(131, 142, 29),
(131, 94, 31),
(131, 72, 32),
(131, 143, 33),
(131, 118, 34),
(131, 58, 40),
(131, 135, 44),
(131, 140, 46),
(131, 114, 50),
(131, 10, 53),
(131, 78, 54),

(132, 116, 56),

(133, 1, 56),
(133, 51, 56),
(133, 53, 60),
(133, 89, 82),
(133, 95, 103),
(133, 66, 107),
(133, 159, 6),
(133, 82, 8),
(133, 66, 9),
(133, 73, 10),
(133, 79, 20),
(133, 94, 31),
(133, 72, 32),
(133, 143, 33),
(133, 118, 34),
(133, 19, 39),
(133, 58, 40),
(133, 135, 44),
(133, 114, 50),

(134, 1, 56),
(134, 53, 56),
(134, 7, 56),
(134, 51, 56),
(134, 53, 60),
(134, 7, 82),
(134, 89, 103),
(134, 95, 96),
(134, 153, 76),
(134, 32, 95),
(134, 31, 63),
(134, 5, 68),
(134, 159, 6),
(134, 82, 8),
(134, 66, 9),
(134, 73, 10),
(134, 8, 11),
(134, 7, 12),
(134, 35, 13),
(134, 36, 14),
(134, 88, 15),
(134, 79, 20),
(134, 94, 31),
(134, 72, 32),
(134, 143, 33),
(134, 118, 34),
(134, 19, 39),
(134, 58, 40),
(134, 135, 44),
(134, 114, 50),
(134, 10, 53),

(135, 1, 56),
(135, 53, 56),
(135, 17, 56),
(135, 51, 56),
(135, 53, 60),
(135, 17, 82),
(135, 89, 103),
(135, 18, 96),
(135, 38, 76),
(135, 130, 95),
(135, 15, 63),
(135, 21, 68),
(135, 159, 6),
(135, 82, 8),
(135, 66, 9),
(135, 73, 10),
(135, 88, 15),
(135, 79, 20),
(135, 20, 24),
(135, 21, 25),
(135, 94, 31),
(135, 72, 32),
(135, 143, 33),
(135, 118, 34),
(135, 19, 39),
(135, 58, 40),
(135, 135, 44),
(135, 18, 45),
(135, 114, 50),
(135, 69, 55),

(136, 1, 56),
(136, 53, 56),
(136, 26, 56),
(136, 51, 56),
(136, 53, 60),
(136, 26, 82),
(136, 89, 103),
(136, 95, 96),
(136, 90, 76),
(136, 27, 95),
(136, 79, 63),
(136, 28, 68),
(136, 159, 6),
(136, 82, 8),
(136, 66, 9),
(136, 73, 10),
(136, 88, 15),
(136, 79, 20),
(136, 94, 31),
(136, 72, 32),
(136, 143, 33),
(136, 118, 34),
(136, 29, 38),
(136, 19, 39),
(136, 58, 40),
(136, 135, 44),
(136, 114, 50),

(137, 1, 56),
(137, 62, 56),
(137, 45, 56),
(137, 141, 99),
(137, 104, 80),
(137, 130, 81),
(137, 117, 76),
(137, 159, 6),
(137, 66, 9),
(137, 73, 10),
(137, 35, 13),
(137, 36, 14),
(137, 88, 15),
(137, 79, 20),
(137, 20, 24),
(137, 21, 25),
(137, 142, 29),
(137, 144, 30),
(137, 94, 31),
(137, 72, 32),
(137, 143, 33),
(137, 118, 34),
(137, 19, 39),
(137, 58, 40),
(137, 135, 44),
(137, 18, 45),
(137, 140, 46),
(137, 117, 49),
(137, 114, 50),
(137, 69, 55),

(138, 7, 56),
(138, 9, 56),
(138, 63, 61),
(138, 90, 83),
(138, 61, 67),
(138, 5, 109),
(138, 159, 6),
(138, 82, 8),
(138, 66, 9),
(138, 73, 10),
(138, 8, 11),
(138, 7, 12),
(138, 35, 13),
(138, 36, 14),
(138, 79, 20),
(138, 94, 31),
(138, 72, 32),
(138, 143, 33),
(138, 118, 34),
(138, 135, 44),
(138, 114, 50),
(138, 10, 53),

(139, 7, 56),
(139, 9, 56),
(139, 63, 61),
(139, 90, 83),
(139, 61, 95),
(139, 5, 97),
(139, 159, 6),
(139, 97, 7),
(139, 82, 8),
(139, 66, 9),
(139, 73, 10),
(139, 8, 11),
(139, 7, 12),
(139, 35, 13),
(139, 36, 14),
(139, 88, 15),
(139, 44, 17),
(139, 39, 19),
(139, 79, 20),
(139, 94, 31),
(139, 72, 32),
(139, 143, 33),
(139, 118, 34),
(139, 58, 40),
(139, 135, 44),
(139, 114, 50),
(139, 10, 53),

(140, 49, 56),
(140, 77, 56),
(140, 120, 61),
(140, 65, 83),
(140, 90, 95),
(140, 5, 97),
(140, 159, 6),
(140, 82, 8),
(140, 66, 9),
(140, 73, 10),
(140, 8, 11),
(140, 7, 12),
(140, 35, 13),
(140, 36, 14),
(140, 88, 15),
(140, 44, 17),
(140, 39, 19),
(140, 79, 20),
(140, 94, 31),
(140, 72, 32),
(140, 143, 33),
(140, 118, 34),
(140, 58, 40),
(140, 135, 44),
(140, 114, 50),
(140, 10, 53),

(141, 65, 56),
(141, 49, 56),
(141, 120, 56),
(141, 77, 56),
(141, 90, 67),
(141, 5, 109),
(141, 119, 2),
(141, 2, 3),
(141, 91, 5),
(141, 159, 6),
(141, 82, 8),
(141, 66, 9),
(141, 73, 10),
(141, 8, 11),
(141, 7, 12),
(141, 35, 13),
(141, 36, 14),
(141, 88, 15),
(141, 44, 17),
(141, 39, 19),
(141, 79, 20),
(141, 94, 31),
(141, 72, 32),
(141, 143, 33),
(141, 118, 34),
(141, 58, 40),
(141, 135, 44),
(141, 114, 50),
(141, 64, 51),
(141, 10, 53),

(142, 161, 56),
(142, 130, 56),
(142, 113, 75),
(142, 95, 66),
(142, 66, 107),
(142, 88, 68),
(142, 119, 2),
(142, 106, 4),
(142, 159, 6),
(142, 66, 9),
(142, 73, 10),
(142, 88, 15),
(142, 79, 20),
(142, 16, 23),
(142, 94, 31),
(142, 72, 32),
(142, 143, 33),
(142, 118, 34),
(142, 29, 38),
(142, 19, 39),
(142, 160, 43),
(142, 135, 44),
(142, 114, 50),
(142, 166, 52),

(143, 1, 56),
(143, 131, 56),
(143, 135, 56),
(143, 82, 81),
(143, 77, 62),
(143, 73, 63),
(143, 88, 77),
(143, 92, 1),
(143, 91, 5),
(143, 159, 6),
(143, 82, 8),
(143, 66, 9),
(143, 73, 10),
(143, 8, 11),
(143, 7, 12),
(143, 35, 13),
(143, 36, 14),
(143, 88, 15),
(143, 71, 16),
(143, 44, 17),
(143, 37, 18),
(143, 39, 19),
(143, 79, 20),
(143, 128, 22),
(143, 20, 24),
(143, 21, 25),
(143, 151, 26),
(143, 148, 27),
(143, 142, 29),
(143, 94, 31),
(143, 72, 32),
(143, 143, 33),
(143, 118, 34),
(143, 93, 35),
(143, 54, 36),
(143, 29, 38),
(143, 58, 40),
(143, 135, 44),
(143, 140, 46),
(143, 145, 48),
(143, 114, 50),
(143, 10, 53),
(143, 78, 54),

(144, 165, 56),
(144, 35, 56),
(144, 36, 104),
(144, 130, 70),
(144, 31, 110),
(144, 119, 2),
(144, 106, 4),
(144, 159, 6),
(144, 66, 9),
(144, 73, 10),
(144, 8, 11),
(144, 7, 12),
(144, 35, 13),
(144, 36, 14),
(144, 88, 15),
(144, 79, 20),
(144, 94, 31),
(144, 72, 32),
(144, 143, 33),
(144, 118, 34),
(144, 19, 39),
(144, 160, 43),
(144, 135, 44),
(144, 114, 50),
(144, 166, 52),

(145, 164, 56),
(145, 17, 56),
(145, 21, 104),
(145, 130, 70),
(145, 139, 110),
(145, 119, 2),
(145, 106, 4),
(145, 159, 6),
(145, 66, 9),
(145, 73, 10),
(145, 88, 15),
(145, 79, 20),
(145, 20, 24),
(145, 21, 25),
(145, 94, 31),
(145, 72, 32),
(145, 143, 33),
(145, 118, 34),
(145, 19, 39),
(145, 160, 43),
(145, 135, 44),
(145, 18, 45),
(145, 114, 50),
(145, 166, 52),
(145, 69, 55),

(146, 165, 56),
(146, 27, 56),
(146, 90, 104),
(146, 160, 110),
(146, 29, 38),
(146, 166, 52),

(147, 107, 56),
(147, 90, 56),
(147, 18, 101),
(147, 130, 59),
(147, 100, 65),
(147, 16, 96),
(147, 88, 102),
(147, 159, 6),
(147, 82, 8),
(147, 66, 9),
(147, 73, 10),
(147, 8, 11),
(147, 7, 12),
(147, 35, 13),
(147, 36, 14),
(147, 79, 20),
(147, 16, 23),
(147, 20, 24),
(147, 21, 25),
(147, 94, 31),
(147, 72, 32),
(147, 143, 33),
(147, 118, 34),
(147, 29, 38),
(147, 19, 39),
(147, 58, 40),
(147, 135, 44),
(147, 18, 45),
(147, 114, 50),
(147, 10, 53),

(148, 107, 56),
(148, 90, 56),
(148, 18, 101),
(148, 18, 56),
(148, 130, 59),
(148, 100, 81),
(148, 16, 107),
(148, 88, 70),
(148, 159, 6),
(148, 97, 7),
(148, 82, 8),
(148, 66, 9),
(148, 73, 10),
(148, 8, 11),
(148, 7, 12),
(148, 35, 13),
(148, 36, 14),
(148, 79, 20),
(148, 16, 23),
(148, 20, 24),
(148, 21, 25),
(148, 94, 31),
(148, 72, 32),
(148, 143, 33),
(148, 118, 34),
(148, 29, 38),
(148, 19, 39),
(148, 58, 40),
(148, 135, 44),
(148, 18, 45),
(148, 114, 50),
(148, 10, 53),

(149, 107, 56),
(149, 90, 56),
(149, 18, 56),
(149, 18, 101),
(149, 130, 56),
(149, 130, 59),
(149, 100, 81),
(149, 16, 107),
(149, 88, 110),
(149, 119, 2),
(149, 159, 6),
(149, 97, 7),
(149, 82, 8),
(149, 66, 9),
(149, 73, 10),
(149, 8, 11),
(149, 7, 12),
(149, 35, 13),
(149, 36, 14),
(149, 88, 15),
(149, 79, 20),
(149, 16, 23),
(149, 20, 24),
(149, 21, 25),
(149, 94, 31),
(149, 72, 32),
(149, 143, 33),
(149, 118, 34),
(149, 29, 38),
(149, 19, 39),
(149, 58, 40),
(149, 135, 44),
(149, 18, 45),
(149, 114, 50),
(149, 10, 53),
(149, 78, 54),

(150, 134, 56),
(150, 48, 56),
(150, 142, 56),
(150, 103, 56),
(150, 132, 113),
(150, 142, 114),
(150, 104, 115),
(150, 31, 116),
(150, 131, 117),
(150, 92, 1),
(150, 91, 5),
(150, 159, 6),
(150, 82, 8),
(150, 66, 9),
(150, 73, 10),
(150, 8, 11),
(150, 7, 12),
(150, 35, 13),
(150, 36, 14),
(150, 88, 15),
(150, 71, 16),
(150, 44, 17),
(150, 37, 18),
(150, 39, 19),
(150, 79, 20),
(150, 128, 22),
(150, 20, 24),
(150, 21, 25),
(150, 142, 29),
(150, 144, 30),
(150, 94, 31),
(150, 72, 32),
(150, 143, 33),
(150, 118, 34),
(150, 93, 35),
(150, 54, 36),
(150, 29, 38),
(150, 58, 40),
(150, 135, 44),
(150, 18, 45),
(150, 140, 46),
(150, 117, 49),
(150, 114, 50),
(150, 78, 54),
(150, 69, 55),

(151, 70, 56),
(151, 116, 101),
(151, 92, 59),
(151, 93, 65),
(151, 142, 96),
(151, 92, 1),
(151, 119, 2),
(151, 2, 3),
(151, 106, 4),
(151, 91, 5),
(151, 159, 6),
(151, 97, 7),
(151, 82, 8),
(151, 66, 9),
(151, 73, 10),
(151, 8, 11),
(151, 7, 12),
(151, 35, 13),
(151, 36, 14),
(151, 88, 15),
(151, 71, 16),
(151, 44, 17),
(151, 37, 18),
(151, 39, 19),
(151, 79, 20),
(151, 126, 21),
(151, 128, 22),
(151, 16, 23),
(151, 20, 24),
(151, 21, 25),
(151, 151, 26),
(151, 148, 27),
(151, 147, 28),
(151, 142, 29),
(151, 144, 30),
(151, 94, 31),
(151, 72, 32),
(151, 143, 33),
(151, 118, 34),
(151, 93, 35),
(151, 54, 36),
(151, 56, 37),
(151, 29, 38),
(151, 19, 39),
(151, 58, 40),
(151, 47, 41),
(151, 133, 42),
(151, 160, 43),
(151, 135, 44),
(151, 18, 45),
(151, 140, 46),
(151, 75, 47),
(151, 145, 48),
(151, 117, 49),
(151, 114, 50),
(151, 64, 51),
(151, 166, 52),
(151, 10, 53),
(151, 78, 54),
(151, 69, 55);

-- Piedras

insert into tipo_piedra values (1,'Piedra trueno'),
(2,'Piedra fuego'),
(3,'Piedra agua'),
(4,'Piedra lunar'),
(5,'Piedra hoja');

-- Tipo evolucion

insert into tipo_evolucion values (1,'Nivel'),
(2,'Piedra'),
(3,'Intercambio');

-- Formas de evolucion

insert into forma_evolucion values (1, 3),
(2, 2),
(3, 2),
(4, 2),
(5, 1),
(6, 1),
(7, 1),
(8, 1),
(9, 1),
(10, 1),
(11, 1),
(12, 1),
(13, 2),
(14, 1),
(15, 2),
(16, 1),
(17, 1),
(18, 1),
(19, 1),
(20, 1),
(21, 1),
(22, 1),
(23, 1),
(24, 1),
(25, 1),
(26, 1),
(27, 1),
(28, 1),
(29, 1);

-- Formas de evolucion nivel

insert into nivel_evolucion values (5, 7),
(6, 10),
(7, 16),
(8, 18),
(9, 20),
(10, 22),
(11, 32),
(12, 36),
(14, 21),
(16, 24),
(17, 31),
(18, 26),
(19, 28),
(20, 33),
(21, 25),
(22, 30),
(23, 40),
(24, 37),
(25, 34),
(26, 38),
(27, 35),
(28, 42),
(29, 55);

-- Formas de evolucion piedras

insert into piedra values (2, 1),
(3, 2),
(4, 3),
(13, 4),
(15, 5);

-- Formas de evolucion pokemon

insert into pokemon_forma_evolucion values (1, 7),
(2, 11),
(4, 7),
(5, 12),
(7, 7),
(8, 12),
(10, 5),
(11, 6),
(13, 5),
(14, 6),
(16, 8),
(17, 12),
(19, 9),
(21, 9),
(23, 10),
(25, 2),
(27, 10),
(29, 8),
(30, 13),
(32, 8),
(33, 13),
(35, 13),
(37, 3),
(39, 13),
(41, 10),
(43, 14),
(44, 15),
(46, 16),
(48, 17),
(50, 18),
(52, 19),
(54, 20),
(56, 19),
(58, 3),
(60, 21),
(61, 4),
(63, 7),
(64, 1),
(66, 19),
(67, 1),
(69, 14),
(70, 15),
(72, 22),
(74, 21),
(75, 1),
(77, 23),
(79, 24),
(81, 22),
(84, 17),
(86, 25),
(88, 26),
(90, 4),
(92, 21),
(93, 1),
(96, 18),
(98, 19),
(100, 22),
(102, 15),
(104, 19),
(109, 27),
(111, 28),
(116, 11),
(118, 20),
(120, 4),
(129, 9),
(133, 2),
(133, 3),
(133, 4),
(138, 23),
(140, 23),
(147, 22),
(148, 29);

-- Tipos de aprendizaje

insert into tipo_forma_aprendizaje values (1, 'MT'),
(2, 'MO'),
(3, 'Nivel');

-- Forma aprendizaje

insert into forma_aprendizaje values(1, 1),
(2, 1),
(3, 1),
(4, 1),
(5, 1),
(6, 1),
(7, 1),
(8, 1),
(9, 1),
(10, 1),
(11, 1),
(12, 1),
(13, 1),
(14, 1),
(15, 1),
(16, 1),
(17, 1),
(18, 1),
(19, 1),
(20, 1),
(21, 1),
(22, 1),
(23, 1),
(24, 1),
(25, 1),
(26, 1),
(27, 1),
(28, 1),
(29, 1),
(30, 1),
(31, 1),
(32, 1),
(33, 1),
(34, 1),
(35, 1),
(36, 1),
(37, 1),
(38, 1),
(39, 1),
(40, 1),
(41, 1),
(42, 1),
(43, 1),
(44, 1),
(45, 1),
(46, 1),
(47, 1),
(48, 1),
(49, 1),
(50, 1),
(51, 2),
(52, 2),
(53, 2),
(54, 2),
(55, 2),
(56, 3),
(57, 3),
(58, 3),
(59, 3),
(60, 3),
(61, 3),
(62, 3),
(63, 3),
(64, 3),
(65, 3),
(66, 3),
(67, 3),
(68, 3),
(69, 3),
(70, 3),
(71, 3),
(72, 3),
(73, 3),
(74,3),
(75,3),
(76,3),
(77,3),
(78,3),
(79,3),
(80,3),
(81,3),
(82,3),
(83,3),
(84,3),
(85,3),
(86,3),
(87,3),
(88,3),
(89,3),
(90,3),
(91,3),
(92,3),
(93,3),
(94,3),
(95,3),
(96,3),
(97,3),
(98,3),
(99,3),
(100,3),
(101,3),
(102,3),
(103,3),
(104,3),
(105,3),
(106,3),
(107,3),
(108,3),
(109,3),
(110,3),
(111,3),
(112,3),
(113,3),
(114,3),
(115,3),
(116,3),
(117,3);

-- Nivel

insert into nivel_aprendizaje values(56, 1),
(57, 7),
(58, 13),
(59, 20),
(60, 27),
(61, 34),
(62, 41),
(63, 48),
(64, 22),
(65, 30),
(66, 38),
(67, 46),
(68, 54),
(69, 43),
(70, 55),
(71, 65),
(72, 9),
(73, 15),
(74,24),
(75,33),
(76,42),
(77,56),
(78,36),
(79,8),
(80,28),
(81,35),
(82,31),
(83,39),
(84,47),
(85,52),
(86,12),
(87,16),
(88,17),
(89,21),
(90,26),
(91,32),
(92,25),
(93,5),
(94,19),
(95,44),
(96,40),
(97,49),
(98,14),
(99,23),
(100,29),
(101,10),
(102,50),
(103,37),
(104,51),
(105,59),
(106,18),
(107,45),
(108,11),
(109,53),
(110,60),
(111,64),
(112,58),
(113,63),
(114,66),
(115,70),
(116,75),
(117,81);

-- MT

insert into MT values(1, 'MT01'),
(2, 'MT02'),
(3, 'MT03'),
(4, 'MT04'),
(5, 'MT05'),
(6, 'MT06'),
(7, 'MT07'),
(8, 'MT08'),
(9, 'MT09'),
(10, 'MT10'),
(11, 'MT11'),
(12, 'MT12'),
(13, 'MT13'),
(14, 'MT14'),
(15, 'MT15'),
(16, 'MT16'),
(17, 'MT17'),
(18, 'MT18'),
(19, 'MT19'),
(20, 'MT20'),
(21, 'MT21'),
(22, 'MT22'),
(23, 'MT23'),
(24, 'MT24'),
(25, 'MT25'),
(26, 'MT26'),
(27, 'MT27'),
(28, 'MT28'),
(29, 'MT29'),
(30, 'MT30'),
(31, 'MT31'),
(32, 'MT32'),
(33, 'MT33'),
(34, 'MT34'),
(35, 'MT35'),
(36, 'MT36'),
(37, 'MT37'),
(38, 'MT38'),
(39, 'MT39'),
(40, 'MT40'),
(41, 'MT41'),
(42, 'MT42'),
(43, 'MT43'),
(44, 'MT44'),
(45, 'MT45'),
(46, 'MT46'),
(47, 'MT47'),
(48, 'MT48'),
(49, 'MT49'),
(50, 'MT50');

-- MO

insert into MO values(51, 'MO01'),
(52, 'MO02'),
(53, 'MO03'),
(54, 'MO04'),
(55, 'MO05');

/* Evoluciona de */
insert into evoluciona_de values(2,1),
(3,2),
(5,4),
(5,6),
(6,5),
(8,7),
(9,8),
(11,10),
(12,11),
(14,13),
(15,14),
(17,16),
(18,17),
(20,19),
(22,21),
(24,23),
(26,25),
(28,27),
(30,29),
(31,30),
(33,32),
(34,33),
(36,35),
(38,37),
(40,39),
(42,41),
(44,43),
(45,44),
(47,46),
(49,48),
(51,50),
(53,52),
(55,54),
(57,56),
(59,58),
(61,60),
(62,61),
(64,63),
(65,64),
(67,66),
(68,67),
(70,69),
(71,70),		
(73,72),
(75,74),
(76,75),
(78,77),
(80,79),
(82,81),
(85,84),
(87,86),
(89,88),
(91,90),
(93,92),
(94,93),
(97,96),
(99,98),
(101,100),
(103,102),
(105,104),
(110,109),
(112,111),
(117,116),
(119,118),
(121,120),
(130,129),
(134,133),
(135,133),
(136,133),
(139,138),
(141,140),
(148,147),
(149,148);
